Rk,Player,Age,Team,Pos,G,GS,MP,FG,FGA,FG%,3P,3PA,3P%,2P,2PA,2P%,eFG%,FT,FTA,FT%,ORB,DRB,TRB,AST,STL,BLK,TOV,PF,PTS,Trp-Dbl,Awards
1.0,Shai Gilgeous-Alexander,27.0,OKC,PG,49.0,49.0,1632.0,534.0,964.0,0.554,87.0,223.0,0.39,447.0,741.0,0.603,0.599,403.0,452.0,0.892,27.0,191.0,218.0,314.0,64.0,38.0,103.0,101.0,1558.0,0.0,
2.0,Tyrese Maxey,25.0,PHI,PG,52.0,52.0,2008.0,524.0,1117.0,0.469,174.0,459.0,0.379,350.0,658.0,0.532,0.547,281.0,316.0,0.889,14.0,200.0,214.0,351.0,102.0,40.0,126.0,118.0,1503.0,0.0,
3.0,Donovan Mitchell,29.0,CLE,SG,51.0,51.0,1719.0,516.0,1060.0,0.487,185.0,492.0,0.376,331.0,568.0,0.583,0.574,261.0,306.0,0.853,41.0,188.0,229.0,302.0,79.0,15.0,159.0,125.0,1478.0,0.0,
4.0,Jaylen Brown,29.0,BOS,SF,49.0,49.0,1676.0,534.0,1105.0,0.483,102.0,293.0,0.348,432.0,812.0,0.532,0.529,265.0,342.0,0.775,57.0,279.0,336.0,229.0,49.0,20.0,176.0,136.0,1435.0,2.0,
5.0,Luka Dončić,26.0,LAL,PG,42.0,42.0,1492.0,437.0,923.0,0.473,149.0,432.0,0.345,288.0,491.0,0.587,0.554,356.0,456.0,0.781,32.0,297.0,329.0,360.0,61.0,19.0,179.0,102.0,1379.0,6.0,
6.0,Jalen Brunson,29.0,NYK,PG,50.0,50.0,1728.0,481.0,1024.0,0.47,146.0,390.0,0.374,335.0,634.0,0.528,0.541,243.0,287.0,0.847,26.0,140.0,166.0,305.0,36.0,5.0,110.0,116.0,1351.0,0.0,
7.0,Anthony Edwards,24.0,MIN,SG,46.0,46.0,1632.0,463.0,940.0,0.493,155.0,386.0,0.402,308.0,554.0,0.556,0.575,267.0,336.0,0.795,31.0,209.0,240.0,171.0,62.0,38.0,124.0,84.0,1348.0,0.0,
8.0,Kevin Durant,37.0,HOU,SF,50.0,50.0,1835.0,452.0,894.0,0.506,116.0,288.0,0.403,336.0,606.0,0.554,0.57,271.0,308.0,0.88,25.0,242.0,267.0,222.0,42.0,44.0,161.0,101.0,1291.0,0.0,
9.0,Jamal Murray,28.0,DEN,PG,50.0,50.0,1780.0,454.0,937.0,0.485,158.0,372.0,0.425,296.0,565.0,0.524,0.569,220.0,248.0,0.887,21.0,198.0,219.0,380.0,48.0,19.0,115.0,78.0,1286.0,0.0,
10.0,Julius Randle,31.0,MIN,PF,56.0,56.0,1882.0,438.0,891.0,0.492,87.0,268.0,0.325,351.0,623.0,0.563,0.54,288.0,350.0,0.823,94.0,297.0,391.0,302.0,62.0,14.0,144.0,159.0,1251.0,3.0,
11.0,Pascal Siakam,31.0,IND,PF,51.0,51.0,1723.0,455.0,947.0,0.48,93.0,252.0,0.369,362.0,695.0,0.521,0.53,208.0,306.0,0.68,79.0,264.0,343.0,201.0,57.0,23.0,111.0,123.0,1211.0,0.0,
12.0,Cade Cunningham,24.0,DET,PG,47.0,47.0,1640.0,416.0,901.0,0.462,90.0,273.0,0.33,326.0,628.0,0.519,0.512,269.0,333.0,0.808,45.0,220.0,265.0,452.0,69.0,39.0,173.0,149.0,1191.0,3.0,
13.0,James Harden,36.0,2TM,PG,47.0,47.0,1656.0,338.0,804.0,0.42,143.0,408.0,0.35,195.0,396.0,0.492,0.509,357.0,396.0,0.902,30.0,198.0,228.0,384.0,58.0,20.0,173.0,90.0,1176.0,2.0,
13.0,James Harden,36.0,LAC,PG,44.0,44.0,1559.0,323.0,771.0,0.419,135.0,389.0,0.347,188.0,382.0,0.492,0.506,337.0,374.0,0.901,27.0,185.0,212.0,358.0,57.0,16.0,162.0,83.0,1118.0,2.0,
13.0,James Harden,36.0,CLE,PG,3.0,3.0,97.0,15.0,33.0,0.455,8.0,19.0,0.421,7.0,14.0,0.5,0.576,20.0,22.0,0.909,3.0,13.0,16.0,26.0,1.0,4.0,11.0,7.0,58.0,0.0,
14.0,Jalen Johnson,24.0,ATL,SF,50.0,50.0,1785.0,432.0,861.0,0.502,83.0,235.0,0.353,349.0,626.0,0.558,0.55,217.0,279.0,0.778,78.0,454.0,532.0,409.0,66.0,25.0,172.0,107.0,1164.0,10.0,
15.0,Deni Avdija,25.0,POR,SF,46.0,46.0,1577.0,354.0,765.0,0.463,102.0,295.0,0.346,252.0,470.0,0.536,0.529,348.0,434.0,0.802,53.0,277.0,330.0,305.0,38.0,28.0,178.0,122.0,1158.0,3.0,
16.0,Brandon Ingram,28.0,TOR,SF,53.0,53.0,1800.0,430.0,908.0,0.474,96.0,263.0,0.365,334.0,645.0,0.518,0.526,200.0,239.0,0.837,43.0,261.0,304.0,194.0,41.0,42.0,132.0,103.0,1156.0,0.0,
17.0,Trey Murphy III,25.0,NOP,SF,52.0,52.0,1853.0,404.0,848.0,0.476,168.0,445.0,0.378,236.0,403.0,0.586,0.575,173.0,194.0,0.892,55.0,242.0,297.0,199.0,78.0,16.0,95.0,110.0,1149.0,0.0,
18.0,Kawhi Leonard,34.0,LAC,SF,41.0,41.0,1344.0,397.0,808.0,0.491,110.0,287.0,0.383,287.0,521.0,0.551,0.559,239.0,262.0,0.912,44.0,220.0,264.0,151.0,86.0,21.0,88.0,52.0,1143.0,0.0,
19.0,Keyonte George,22.0,UTA,PG,48.0,48.0,1629.0,358.0,782.0,0.458,120.0,320.0,0.375,238.0,462.0,0.515,0.535,305.0,341.0,0.894,23.0,164.0,187.0,313.0,52.0,14.0,158.0,112.0,1141.0,0.0,
20.0,Nikola Jokić,30.0,DEN,C,39.0,39.0,1338.0,393.0,666.0,0.59,76.0,181.0,0.42,317.0,485.0,0.654,0.647,257.0,306.0,0.84,122.0,358.0,480.0,417.0,53.0,30.0,144.0,105.0,1119.0,20.0,
21.0,Lauri Markkanen,28.0,UTA,PF,41.0,41.0,1410.0,374.0,782.0,0.478,114.0,314.0,0.363,260.0,468.0,0.556,0.551,232.0,260.0,0.892,82.0,204.0,286.0,87.0,40.0,21.0,61.0,77.0,1094.0,0.0,
22.0,Nickeil Alexander-Walker,27.0,ATL,SG,54.0,47.0,1795.0,368.0,850.0,0.433,164.0,440.0,0.373,204.0,410.0,0.498,0.529,184.0,208.0,0.885,32.0,163.0,195.0,200.0,63.0,33.0,110.0,118.0,1084.0,0.0,
23.0,Devin Booker,29.0,PHO,SG,43.0,43.0,1458.0,356.0,782.0,0.455,74.0,238.0,0.311,282.0,544.0,0.518,0.503,297.0,344.0,0.863,35.0,136.0,171.0,270.0,39.0,12.0,143.0,117.0,1083.0,0.0,
24.0,Stephen Curry,37.0,GSW,PG,39.0,39.0,1222.0,348.0,744.0,0.468,175.0,448.0,0.391,173.0,296.0,0.584,0.585,190.0,204.0,0.931,16.0,122.0,138.0,189.0,44.0,16.0,111.0,74.0,1061.0,0.0,
25.0,DeMar DeRozan,36.0,SAC,PF,56.0,56.0,1813.0,370.0,749.0,0.494,41.0,122.0,0.336,329.0,627.0,0.525,0.521,266.0,308.0,0.864,28.0,149.0,177.0,211.0,65.0,14.0,63.0,114.0,1047.0,0.0,
26.0,Scottie Barnes,24.0,TOR,PF,54.0,54.0,1856.0,406.0,806.0,0.504,49.0,163.0,0.301,357.0,643.0,0.555,0.534,182.0,222.0,0.82,118.0,336.0,454.0,303.0,70.0,86.0,143.0,154.0,1043.0,2.0,
27.0,Desmond Bane,27.0,ORL,SG,53.0,53.0,1801.0,376.0,797.0,0.472,102.0,274.0,0.372,274.0,523.0,0.524,0.536,186.0,200.0,0.93,66.0,156.0,222.0,221.0,48.0,27.0,116.0,163.0,1040.0,0.0,
28.0,Dillon Brooks,30.0,PHO,SF,49.0,49.0,1523.0,381.0,864.0,0.441,116.0,338.0,0.343,265.0,526.0,0.504,0.508,161.0,188.0,0.856,38.0,142.0,180.0,88.0,52.0,8.0,89.0,165.0,1039.0,0.0,
29.0,Norman Powell,32.0,MIA,SG,45.0,45.0,1379.0,345.0,728.0,0.474,130.0,328.0,0.396,215.0,400.0,0.538,0.563,214.0,254.0,0.843,17.0,147.0,164.0,116.0,55.0,10.0,89.0,100.0,1034.0,0.0,
30.0,Michael Porter Jr.,27.0,BRK,SF,41.0,41.0,1353.0,362.0,763.0,0.474,150.0,390.0,0.385,212.0,373.0,0.568,0.573,151.0,177.0,0.853,53.0,241.0,294.0,130.0,43.0,10.0,102.0,89.0,1025.0,0.0,
31.0,Shaedon Sharpe,22.0,POR,SG,48.0,42.0,1439.0,386.0,847.0,0.456,101.0,297.0,0.34,285.0,550.0,0.518,0.515,152.0,194.0,0.784,48.0,164.0,212.0,126.0,68.0,6.0,144.0,95.0,1025.0,0.0,
32.0,Kon Knueppel,20.0,CHO,SF,54.0,53.0,1734.0,350.0,723.0,0.484,183.0,425.0,0.431,167.0,298.0,0.56,0.611,138.0,153.0,0.902,65.0,232.0,297.0,192.0,37.0,13.0,119.0,116.0,1021.0,0.0,
33.0,Karl-Anthony Towns,30.0,NYK,C,51.0,51.0,1597.0,333.0,714.0,0.466,80.0,228.0,0.351,253.0,486.0,0.521,0.522,264.0,309.0,0.854,155.0,452.0,607.0,148.0,44.0,31.0,129.0,180.0,1010.0,0.0,
34.0,Cooper Flagg,19.0,DAL,SF,49.0,49.0,1669.0,381.0,790.0,0.482,52.0,172.0,0.302,329.0,618.0,0.532,0.515,185.0,230.0,0.804,56.0,265.0,321.0,202.0,58.0,39.0,108.0,105.0,999.0,0.0,
35.0,Victor Wembanyama,22.0,SAS,C,40.0,31.0,1161.0,334.0,654.0,0.511,73.0,201.0,0.363,261.0,453.0,0.576,0.567,235.0,290.0,0.81,78.0,365.0,443.0,110.0,38.0,106.0,105.0,108.0,976.0,1.0,
36.0,Miles Bridges,27.0,CHO,PF,53.0,53.0,1707.0,344.0,767.0,0.449,112.0,342.0,0.327,232.0,425.0,0.546,0.522,163.0,193.0,0.845,52.0,270.0,322.0,184.0,27.0,26.0,78.0,98.0,963.0,0.0,
37.0,CJ McCollum,34.0,2TM,SG,51.0,37.0,1537.0,354.0,778.0,0.455,132.0,346.0,0.382,222.0,432.0,0.514,0.54,117.0,151.0,0.775,35.0,139.0,174.0,182.0,38.0,19.0,87.0,99.0,957.0,0.0,
37.0,CJ McCollum,34.0,WAS,SG,35.0,35.0,1082.0,240.0,529.0,0.454,96.0,244.0,0.393,144.0,285.0,0.505,0.544,82.0,102.0,0.804,23.0,101.0,124.0,126.0,24.0,9.0,58.0,73.0,658.0,0.0,
37.0,CJ McCollum,34.0,ATL,PG,16.0,2.0,455.0,114.0,249.0,0.458,36.0,102.0,0.353,78.0,147.0,0.531,0.53,35.0,49.0,0.714,12.0,38.0,50.0,56.0,14.0,10.0,29.0,26.0,299.0,0.0,
38.0,Alperen Şengün,23.0,HOU,C,46.0,46.0,1559.0,370.0,744.0,0.497,26.0,87.0,0.299,344.0,657.0,0.524,0.515,186.0,269.0,0.691,146.0,285.0,431.0,289.0,62.0,47.0,145.0,151.0,952.0,2.0,
39.0,Jaren Jackson Jr.,26.0,2TM,C,48.0,48.0,1454.0,342.0,719.0,0.476,84.0,235.0,0.357,258.0,484.0,0.533,0.534,163.0,203.0,0.803,42.0,230.0,272.0,94.0,53.0,69.0,107.0,179.0,931.0,0.0,
39.0,Jaren Jackson Jr.,26.0,MEM,C,45.0,45.0,1382.0,318.0,670.0,0.475,79.0,220.0,0.359,239.0,450.0,0.531,0.534,149.0,187.0,0.797,41.0,218.0,259.0,86.0,47.0,68.0,100.0,170.0,864.0,0.0,
39.0,Jaren Jackson Jr.,26.0,UTA,C,3.0,3.0,72.0,24.0,49.0,0.49,5.0,15.0,0.333,19.0,34.0,0.559,0.541,14.0,16.0,0.875,1.0,12.0,13.0,8.0,6.0,1.0,7.0,9.0,67.0,0.0,
40.0,Amen Thompson,23.0,HOU,PG,52.0,52.0,1937.0,353.0,699.0,0.505,18.0,88.0,0.205,335.0,611.0,0.548,0.518,193.0,246.0,0.785,150.0,244.0,394.0,281.0,74.0,32.0,129.0,113.0,917.0,0.0,
41.0,Paolo Banchero,23.0,ORL,PF,43.0,43.0,1482.0,304.0,670.0,0.454,49.0,162.0,0.302,255.0,508.0,0.502,0.49,259.0,340.0,0.762,47.0,315.0,362.0,206.0,30.0,27.0,118.0,83.0,916.0,2.0,
42.0,Payton Pritchard,28.0,BOS,PG,53.0,48.0,1732.0,344.0,744.0,0.462,136.0,382.0,0.356,208.0,362.0,0.575,0.554,89.0,104.0,0.856,47.0,174.0,221.0,283.0,41.0,5.0,63.0,74.0,913.0,0.0,
43.0,Derrick White,31.0,BOS,SG,52.0,52.0,1781.0,310.0,796.0,0.389,149.0,459.0,0.325,161.0,337.0,0.478,0.483,127.0,142.0,0.894,53.0,175.0,228.0,290.0,62.0,73.0,93.0,83.0,896.0,0.0,
44.0,Bam Adebayo,28.0,MIA,C,48.0,48.0,1506.0,312.0,705.0,0.443,78.0,231.0,0.338,234.0,474.0,0.494,0.498,183.0,234.0,0.782,99.0,376.0,475.0,134.0,49.0,34.0,89.0,79.0,885.0,0.0,
45.0,Immanuel Quickley,26.0,TOR,PG,52.0,52.0,1685.0,309.0,694.0,0.445,139.0,366.0,0.38,170.0,328.0,0.518,0.545,128.0,159.0,0.805,29.0,198.0,227.0,315.0,64.0,5.0,83.0,109.0,885.0,0.0,
46.0,Mikal Bridges,29.0,NYK,SF,55.0,55.0,1895.0,350.0,694.0,0.504,118.0,306.0,0.386,232.0,388.0,0.598,0.589,58.0,70.0,0.829,59.0,171.0,230.0,224.0,79.0,45.0,58.0,109.0,876.0,0.0,
47.0,De'Aaron Fox,28.0,SAS,PG,45.0,45.0,1442.0,326.0,674.0,0.484,90.0,255.0,0.353,236.0,419.0,0.563,0.55,132.0,166.0,0.795,26.0,147.0,173.0,282.0,57.0,13.0,109.0,100.0,874.0,0.0,
48.0,LaMelo Ball,24.0,CHO,PG,45.0,42.0,1247.0,306.0,764.0,0.401,155.0,427.0,0.363,151.0,337.0,0.448,0.502,100.0,113.0,0.885,38.0,178.0,216.0,332.0,50.0,10.0,136.0,117.0,867.0,1.0,
49.0,Zion Williamson,25.0,NOP,PF,40.0,33.0,1187.0,320.0,548.0,0.584,0.0,3.0,0.0,320.0,545.0,0.587,0.584,224.0,315.0,0.711,90.0,154.0,244.0,140.0,39.0,24.0,92.0,94.0,864.0,0.0,
50.0,Ryan Rollins,23.0,MIL,PG,51.0,46.0,1633.0,330.0,712.0,0.463,122.0,300.0,0.407,208.0,412.0,0.505,0.549,78.0,103.0,0.757,42.0,193.0,235.0,278.0,75.0,20.0,122.0,140.0,860.0,0.0,
51.0,Chet Holmgren,23.0,OKC,PF,49.0,49.0,1430.0,318.0,568.0,0.56,61.0,175.0,0.349,257.0,393.0,0.654,0.614,158.0,201.0,0.786,92.0,334.0,426.0,80.0,25.0,95.0,75.0,120.0,855.0,0.0,
52.0,Anthony Black,22.0,ORL,PG,53.0,33.0,1649.0,306.0,665.0,0.46,89.0,257.0,0.346,217.0,408.0,0.532,0.527,151.0,200.0,0.755,40.0,174.0,214.0,212.0,74.0,38.0,116.0,146.0,852.0,0.0,
53.0,Nikola Vučević,35.0,2TM,C,51.0,48.0,1558.0,349.0,693.0,0.504,87.0,230.0,0.378,262.0,463.0,0.566,0.566,66.0,80.0,0.825,110.0,350.0,460.0,188.0,35.0,34.0,77.0,105.0,851.0,0.0,
53.0,Nikola Vučević,35.0,CHI,C,48.0,48.0,1480.0,333.0,660.0,0.505,82.0,218.0,0.376,251.0,442.0,0.568,0.567,62.0,74.0,0.838,100.0,331.0,431.0,181.0,32.0,31.0,69.0,97.0,810.0,0.0,
53.0,Nikola Vučević,35.0,BOS,C,3.0,0.0,78.0,16.0,33.0,0.485,5.0,12.0,0.417,11.0,21.0,0.524,0.561,4.0,6.0,0.667,10.0,19.0,29.0,7.0,3.0,3.0,8.0,8.0,41.0,0.0,
54.0,Giannis Antetokounmpo,31.0,MIL,PF,30.0,30.0,876.0,314.0,487.0,0.645,15.0,38.0,0.395,299.0,449.0,0.666,0.66,196.0,298.0,0.658,84.0,217.0,301.0,168.0,27.0,22.0,100.0,78.0,839.0,0.0,
55.0,Matas Buzelis,21.0,CHI,PF,55.0,55.0,1554.0,299.0,631.0,0.474,113.0,304.0,0.372,186.0,327.0,0.569,0.563,123.0,158.0,0.778,57.0,239.0,296.0,114.0,36.0,81.0,103.0,133.0,834.0,0.0,
56.0,Joel Embiid,31.0,PHI,C,31.0,31.0,972.0,278.0,563.0,0.494,39.0,122.0,0.32,239.0,441.0,0.542,0.528,230.0,268.0,0.858,65.0,167.0,232.0,121.0,20.0,34.0,92.0,67.0,825.0,1.0,
57.0,Onyeka Okongwu,25.0,ATL,C,50.0,39.0,1596.0,300.0,620.0,0.484,103.0,272.0,0.379,197.0,348.0,0.566,0.567,109.0,140.0,0.779,93.0,292.0,385.0,162.0,58.0,49.0,97.0,175.0,812.0,0.0,
58.0,Saddiq Bey,26.0,NOP,SF,49.0,41.0,1494.0,278.0,624.0,0.446,93.0,267.0,0.348,185.0,357.0,0.518,0.52,162.0,192.0,0.844,79.0,208.0,287.0,121.0,45.0,2.0,35.0,57.0,811.0,0.0,
59.0,Jaden McDaniels,25.0,MIN,PF,54.0,54.0,1734.0,306.0,590.0,0.519,83.0,183.0,0.454,223.0,407.0,0.548,0.589,114.0,135.0,0.844,63.0,168.0,231.0,155.0,52.0,54.0,93.0,180.0,809.0,0.0,
60.0,Naji Marshall,28.0,DAL,SF,53.0,29.0,1568.0,294.0,552.0,0.533,48.0,156.0,0.308,246.0,396.0,0.621,0.576,162.0,209.0,0.775,47.0,214.0,261.0,158.0,55.0,5.0,73.0,103.0,798.0,0.0,
61.0,Andrew Wiggins,30.0,MIA,SF,50.0,50.0,1564.0,305.0,648.0,0.471,98.0,248.0,0.395,207.0,400.0,0.518,0.546,89.0,116.0,0.767,89.0,161.0,250.0,138.0,60.0,48.0,85.0,112.0,797.0,0.0,
62.0,Russell Westbrook,37.0,SAC,SF,52.0,46.0,1521.0,294.0,683.0,0.43,107.0,310.0,0.345,187.0,373.0,0.501,0.509,101.0,145.0,0.697,72.0,224.0,296.0,342.0,68.0,8.0,177.0,128.0,796.0,4.0,
63.0,Naz Reid,26.0,MIN,C,56.0,2.0,1468.0,298.0,635.0,0.469,135.0,351.0,0.385,163.0,284.0,0.574,0.576,62.0,84.0,0.738,65.0,294.0,359.0,139.0,57.0,52.0,90.0,141.0,793.0,0.0,
64.0,LeBron James,41.0,LAL,SF,36.0,36.0,1200.0,295.0,588.0,0.502,51.0,167.0,0.305,244.0,421.0,0.58,0.545,150.0,201.0,0.746,24.0,185.0,209.0,254.0,39.0,21.0,111.0,49.0,791.0,1.0,
65.0,Jabari Smith Jr.,22.0,HOU,PF,52.0,52.0,1823.0,283.0,648.0,0.437,115.0,321.0,0.358,168.0,327.0,0.514,0.525,110.0,142.0,0.775,82.0,285.0,367.0,96.0,41.0,50.0,68.0,131.0,791.0,0.0,
66.0,Brandon Miller,23.0,CHO,SF,38.0,38.0,1158.0,270.0,636.0,0.425,113.0,309.0,0.366,157.0,327.0,0.48,0.513,131.0,147.0,0.891,41.0,139.0,180.0,125.0,40.0,34.0,104.0,105.0,784.0,0.0,
67.0,Jalen Duren,22.0,DET,C,44.0,44.0,1218.0,303.0,480.0,0.631,0.0,0.0,,303.0,480.0,0.631,0.631,171.0,232.0,0.737,162.0,296.0,458.0,77.0,40.0,34.0,83.0,125.0,777.0,0.0,
68.0,Jaime Jaquez Jr.,24.0,MIA,SF,51.0,1.0,1473.0,314.0,622.0,0.505,27.0,102.0,0.265,287.0,520.0,0.552,0.527,122.0,163.0,0.748,68.0,209.0,277.0,241.0,43.0,15.0,115.0,102.0,777.0,0.0,
69.0,Tim Hardaway Jr.,33.0,DEN,SG,54.0,5.0,1487.0,246.0,543.0,0.453,155.0,379.0,0.409,91.0,164.0,0.555,0.596,116.0,135.0,0.859,10.0,132.0,142.0,71.0,28.0,8.0,25.0,67.0,763.0,0.0,
70.0,Anfernee Simons,26.0,2TM,SG,53.0,4.0,1328.0,276.0,624.0,0.442,142.0,367.0,0.387,134.0,257.0,0.521,0.556,67.0,75.0,0.893,31.0,101.0,132.0,133.0,27.0,8.0,65.0,90.0,761.0,0.0,
70.0,Anfernee Simons,26.0,BOS,SG,49.0,0.0,1202.0,250.0,568.0,0.44,130.0,329.0,0.395,120.0,239.0,0.502,0.555,64.0,72.0,0.889,26.0,92.0,118.0,116.0,27.0,6.0,55.0,82.0,694.0,0.0,
70.0,Anfernee Simons,26.0,CHI,SG,4.0,4.0,126.0,26.0,56.0,0.464,12.0,38.0,0.316,14.0,18.0,0.778,0.571,3.0,3.0,1.0,5.0,9.0,14.0,17.0,0.0,2.0,10.0,8.0,67.0,0.0,
71.0,Jimmy Butler,36.0,GSW,SF,38.0,38.0,1182.0,240.0,462.0,0.519,32.0,85.0,0.376,208.0,377.0,0.552,0.554,248.0,287.0,0.864,88.0,123.0,211.0,185.0,55.0,8.0,60.0,46.0,760.0,0.0,
72.0,Evan Mobley,24.0,CLE,PF,42.0,40.0,1402.0,291.0,568.0,0.512,48.0,158.0,0.304,243.0,410.0,0.593,0.555,122.0,192.0,0.635,97.0,271.0,368.0,170.0,38.0,82.0,88.0,106.0,752.0,0.0,
73.0,Jerami Grant,31.0,POR,PF,40.0,21.0,1164.0,231.0,527.0,0.438,92.0,246.0,0.374,139.0,281.0,0.495,0.526,196.0,237.0,0.827,37.0,104.0,141.0,95.0,26.0,26.0,84.0,102.0,750.0,0.0,
74.0,Andrew Nembhard,26.0,IND,PG,43.0,43.0,1381.0,262.0,594.0,0.441,83.0,228.0,0.364,179.0,366.0,0.489,0.511,142.0,174.0,0.816,18.0,109.0,127.0,321.0,39.0,7.0,105.0,95.0,749.0,0.0,
75.0,Zach LaVine,30.0,SAC,SG,39.0,37.0,1224.0,262.0,547.0,0.479,99.0,254.0,0.39,163.0,293.0,0.556,0.569,125.0,142.0,0.88,8.0,100.0,108.0,89.0,28.0,10.0,74.0,81.0,748.0,0.0,
76.0,VJ Edgecombe,20.0,PHI,SG,50.0,50.0,1768.0,276.0,653.0,0.423,100.0,284.0,0.352,176.0,369.0,0.477,0.499,92.0,117.0,0.786,81.0,189.0,270.0,206.0,74.0,25.0,91.0,151.0,744.0,0.0,
77.0,Jeremiah Fears,19.0,NOP,PG,56.0,44.0,1435.0,282.0,658.0,0.429,59.0,182.0,0.324,223.0,476.0,0.468,0.473,118.0,145.0,0.814,41.0,165.0,206.0,171.0,71.0,18.0,123.0,103.0,741.0,0.0,
78.0,Toumani Camara,25.0,POR,PF,56.0,56.0,1873.0,261.0,592.0,0.441,146.0,395.0,0.37,115.0,197.0,0.584,0.564,66.0,94.0,0.702,97.0,203.0,300.0,144.0,56.0,25.0,111.0,178.0,734.0,0.0,
79.0,Peyton Watson,23.0,DEN,SF,49.0,39.0,1502.0,264.0,532.0,0.496,75.0,180.0,0.417,189.0,352.0,0.537,0.567,128.0,176.0,0.727,45.0,195.0,240.0,96.0,50.0,58.0,86.0,121.0,731.0,0.0,
80.0,Keldon Johnson,26.0,SAS,SF,54.0,0.0,1289.0,277.0,505.0,0.549,65.0,171.0,0.38,212.0,334.0,0.635,0.613,110.0,139.0,0.791,97.0,221.0,318.0,78.0,36.0,8.0,53.0,110.0,729.0,0.0,
81.0,Stephon Castle,21.0,SAS,PG,44.0,43.0,1327.0,249.0,537.0,0.464,46.0,160.0,0.288,203.0,377.0,0.538,0.507,184.0,255.0,0.722,54.0,168.0,222.0,307.0,58.0,15.0,150.0,148.0,728.0,2.0,
82.0,Ayo Dosunmu,26.0,2TM,SG,48.0,10.0,1271.0,268.0,518.0,0.517,92.0,206.0,0.447,176.0,312.0,0.564,0.606,93.0,108.0,0.861,33.0,106.0,139.0,172.0,39.0,13.0,63.0,86.0,721.0,0.0,
82.0,Ayo Dosunmu,26.0,CHI,SG,45.0,10.0,1187.0,250.0,486.0,0.514,87.0,193.0,0.451,163.0,293.0,0.556,0.604,90.0,105.0,0.857,33.0,103.0,136.0,164.0,34.0,12.0,61.0,78.0,677.0,0.0,
82.0,Ayo Dosunmu,26.0,MIN,SG,3.0,0.0,84.0,18.0,32.0,0.563,5.0,13.0,0.385,13.0,19.0,0.684,0.641,3.0,3.0,1.0,0.0,3.0,3.0,8.0,5.0,1.0,2.0,8.0,44.0,0.0,
83.0,Collin Gillespie,26.0,PHO,PG,54.0,35.0,1527.0,250.0,576.0,0.434,163.0,385.0,0.423,87.0,191.0,0.455,0.576,55.0,65.0,0.846,53.0,172.0,225.0,253.0,75.0,12.0,89.0,83.0,718.0,0.0,
84.0,Donte DiVincenzo,29.0,MIN,SG,56.0,56.0,1745.0,242.0,588.0,0.412,171.0,447.0,0.383,71.0,141.0,0.504,0.557,61.0,81.0,0.753,56.0,195.0,251.0,234.0,79.0,25.0,84.0,144.0,716.0,0.0,
85.0,Austin Reaves,27.0,LAL,SG,28.0,22.0,939.0,220.0,433.0,0.508,70.0,193.0,0.363,150.0,240.0,0.625,0.589,202.0,233.0,0.867,19.0,122.0,141.0,168.0,27.0,6.0,94.0,62.0,712.0,0.0,
86.0,John Collins,28.0,LAC,PF,51.0,42.0,1426.0,276.0,488.0,0.566,71.0,165.0,0.43,205.0,323.0,0.635,0.638,83.0,106.0,0.783,72.0,188.0,260.0,47.0,41.0,40.0,68.0,137.0,706.0,0.0,
87.0,Alex Sarr,20.0,WAS,C,41.0,41.0,1156.0,285.0,575.0,0.496,40.0,119.0,0.336,245.0,456.0,0.537,0.53,94.0,136.0,0.691,96.0,223.0,319.0,115.0,34.0,82.0,70.0,85.0,704.0,0.0,
88.0,Jaylon Tyson,23.0,CLE,SG,50.0,35.0,1390.0,263.0,512.0,0.514,104.0,219.0,0.475,159.0,293.0,0.543,0.615,63.0,84.0,0.75,101.0,169.0,270.0,115.0,43.0,20.0,78.0,129.0,693.0,0.0,
89.0,OG Anunoby,28.0,NYK,PF,41.0,41.0,1353.0,239.0,499.0,0.479,85.0,230.0,0.37,154.0,269.0,0.572,0.564,116.0,145.0,0.8,59.0,166.0,225.0,97.0,71.0,28.0,85.0,102.0,679.0,0.0,
90.0,Derik Queen,21.0,NOP,C,55.0,43.0,1432.0,259.0,527.0,0.491,15.0,54.0,0.278,244.0,473.0,0.516,0.506,139.0,179.0,0.777,89.0,308.0,397.0,228.0,57.0,50.0,132.0,156.0,672.0,2.0,
91.0,Bobby Portis,30.0,MIL,PF,51.0,9.0,1240.0,270.0,559.0,0.483,97.0,215.0,0.451,173.0,344.0,0.503,0.57,34.0,47.0,0.723,67.0,268.0,335.0,83.0,31.0,8.0,54.0,85.0,671.0,0.0,
92.0,Reed Sheppard,21.0,HOU,SG,53.0,6.0,1310.0,249.0,585.0,0.426,128.0,331.0,0.387,121.0,254.0,0.476,0.535,45.0,58.0,0.776,18.0,119.0,137.0,159.0,76.0,30.0,70.0,103.0,671.0,0.0,
93.0,Brice Sensabaugh,22.0,UTA,SF,53.0,10.0,1162.0,231.0,513.0,0.45,96.0,278.0,0.345,135.0,235.0,0.574,0.544,107.0,126.0,0.849,38.0,118.0,156.0,81.0,36.0,5.0,65.0,99.0,665.0,0.0,
94.0,Max Christie,22.0,DAL,SG,50.0,41.0,1484.0,227.0,486.0,0.467,123.0,289.0,0.426,104.0,197.0,0.528,0.594,86.0,99.0,0.869,10.0,160.0,170.0,114.0,28.0,18.0,54.0,71.0,663.0,0.0,
95.0,Brandin Podziemski,22.0,GSW,SG,55.0,19.0,1478.0,234.0,522.0,0.448,91.0,246.0,0.37,143.0,276.0,0.518,0.535,102.0,133.0,0.767,41.0,211.0,252.0,194.0,62.0,10.0,82.0,100.0,661.0,0.0,
96.0,Kyshawn George,22.0,WAS,SF,43.0,43.0,1296.0,233.0,528.0,0.441,90.0,239.0,0.377,143.0,289.0,0.495,0.527,94.0,118.0,0.797,42.0,192.0,234.0,207.0,46.0,38.0,119.0,162.0,650.0,0.0,
97.0,Collin Sexton,27.0,2TM,SG,45.0,13.0,1030.0,221.0,459.0,0.481,60.0,158.0,0.38,161.0,301.0,0.535,0.547,147.0,168.0,0.875,23.0,68.0,91.0,163.0,39.0,7.0,99.0,87.0,649.0,0.0,
97.0,Collin Sexton,27.0,CHO,SG,42.0,12.0,938.0,202.0,414.0,0.488,57.0,145.0,0.393,145.0,269.0,0.539,0.557,135.0,154.0,0.877,18.0,62.0,80.0,157.0,36.0,7.0,89.0,75.0,596.0,0.0,
97.0,Collin Sexton,27.0,CHI,SG,3.0,1.0,92.0,19.0,45.0,0.422,3.0,13.0,0.231,16.0,32.0,0.5,0.456,12.0,14.0,0.857,5.0,6.0,11.0,6.0,3.0,0.0,10.0,12.0,53.0,0.0,
98.0,Kyle Kuzma,30.0,MIL,PF,50.0,26.0,1341.0,243.0,505.0,0.481,49.0,152.0,0.322,194.0,353.0,0.55,0.53,110.0,150.0,0.733,47.0,202.0,249.0,127.0,31.0,21.0,81.0,105.0,645.0,0.0,
99.0,Cedric Coward,22.0,MEM,SG,48.0,35.0,1263.0,233.0,498.0,0.468,71.0,209.0,0.34,162.0,289.0,0.561,0.539,102.0,121.0,0.843,65.0,234.0,299.0,140.0,27.0,19.0,84.0,94.0,639.0,0.0,
100.0,Myles Turner,29.0,MIL,C,50.0,50.0,1428.0,213.0,483.0,0.441,108.0,279.0,0.387,105.0,204.0,0.515,0.553,102.0,135.0,0.756,62.0,223.0,285.0,81.0,34.0,84.0,58.0,134.0,636.0,0.0,
101.0,Josh Giddey,23.0,CHI,PG,34.0,31.0,1090.0,217.0,470.0,0.462,59.0,161.0,0.366,158.0,309.0,0.511,0.524,138.0,178.0,0.775,41.0,251.0,292.0,299.0,31.0,11.0,120.0,56.0,631.0,7.0,
102.0,Jaylen Wells,22.0,MEM,SG,52.0,52.0,1394.0,217.0,523.0,0.415,91.0,269.0,0.338,126.0,254.0,0.496,0.502,104.0,136.0,0.765,49.0,129.0,178.0,86.0,41.0,6.0,58.0,113.0,629.0,0.0,
103.0,Jarrett Allen,27.0,CLE,C,43.0,43.0,1175.0,248.0,398.0,0.623,1.0,9.0,0.111,247.0,389.0,0.635,0.624,131.0,175.0,0.749,101.0,255.0,356.0,85.0,42.0,37.0,59.0,78.0,628.0,0.0,
104.0,Nic Claxton,26.0,BRK,C,50.0,49.0,1464.0,256.0,434.0,0.59,3.0,14.0,0.214,253.0,420.0,0.602,0.593,111.0,183.0,0.607,128.0,237.0,365.0,198.0,36.0,63.0,70.0,117.0,626.0,2.0,
105.0,Duncan Robinson,31.0,DET,SF,51.0,51.0,1437.0,211.0,478.0,0.441,149.0,372.0,0.401,62.0,106.0,0.585,0.597,54.0,73.0,0.74,18.0,119.0,137.0,95.0,33.0,16.0,36.0,110.0,625.0,0.0,
106.0,Ivica Zubac,28.0,LAC,C,43.0,42.0,1328.0,263.0,429.0,0.613,0.0,0.0,,263.0,429.0,0.613,0.613,93.0,132.0,0.705,148.0,325.0,473.0,96.0,16.0,36.0,82.0,104.0,619.0,0.0,
107.0,De'Andre Hunter,28.0,2TM,SF,45.0,25.0,1176.0,208.0,501.0,0.415,75.0,246.0,0.305,133.0,255.0,0.522,0.49,124.0,143.0,0.867,30.0,155.0,185.0,90.0,30.0,6.0,75.0,112.0,615.0,0.0,
107.0,De'Andre Hunter,28.0,CLE,SF,43.0,23.0,1125.0,204.0,482.0,0.423,73.0,237.0,0.308,131.0,245.0,0.535,0.499,119.0,137.0,0.869,29.0,153.0,182.0,89.0,30.0,6.0,71.0,107.0,600.0,0.0,
107.0,De'Andre Hunter,28.0,SAC,SF,2.0,2.0,51.0,4.0,19.0,0.211,2.0,9.0,0.222,2.0,10.0,0.2,0.263,5.0,6.0,0.833,1.0,2.0,3.0,1.0,0.0,0.0,4.0,5.0,15.0,0.0,
108.0,Dyson Daniels,22.0,ATL,SG,53.0,53.0,1780.0,274.0,550.0,0.498,10.0,75.0,0.133,264.0,475.0,0.556,0.507,56.0,91.0,0.615,117.0,225.0,342.0,327.0,97.0,22.0,104.0,116.0,614.0,1.0,
109.0,Moses Moody,23.0,GSW,SG,53.0,42.0,1331.0,205.0,469.0,0.437,127.0,317.0,0.401,78.0,152.0,0.513,0.572,74.0,95.0,0.779,44.0,130.0,174.0,78.0,50.0,32.0,47.0,103.0,611.0,0.0,
110.0,Noah Clowney,21.0,BRK,PF,47.0,41.0,1335.0,187.0,477.0,0.392,98.0,304.0,0.322,89.0,173.0,0.514,0.495,138.0,173.0,0.798,46.0,154.0,200.0,84.0,35.0,37.0,82.0,129.0,610.0,0.0,
111.0,Deandre Ayton,27.0,LAL,C,46.0,46.0,1299.0,278.0,412.0,0.675,0.0,0.0,,278.0,412.0,0.675,0.675,53.0,82.0,0.646,117.0,272.0,389.0,41.0,29.0,44.0,63.0,107.0,609.0,0.0,
112.0,Quentin Grimes,25.0,PHI,SG,48.0,7.0,1434.0,197.0,449.0,0.439,87.0,255.0,0.341,110.0,194.0,0.567,0.536,128.0,149.0,0.859,31.0,149.0,180.0,174.0,45.0,19.0,90.0,98.0,609.0,0.0,
113.0,Ajay Mitchell,23.0,OKC,SG,43.0,9.0,1129.0,222.0,456.0,0.487,48.0,137.0,0.35,174.0,319.0,0.545,0.539,114.0,131.0,0.87,29.0,120.0,149.0,157.0,61.0,14.0,68.0,93.0,606.0,0.0,
114.0,Mark Williams,24.0,PHO,C,50.0,46.0,1202.0,244.0,367.0,0.665,1.0,1.0,1.0,243.0,366.0,0.664,0.666,117.0,152.0,0.77,155.0,249.0,404.0,54.0,49.0,47.0,53.0,113.0,606.0,0.0,
115.0,Donovan Clingan,21.0,POR,C,52.0,52.0,1433.0,233.0,443.0,0.526,51.0,159.0,0.321,182.0,284.0,0.641,0.584,87.0,129.0,0.674,244.0,353.0,597.0,107.0,24.0,75.0,55.0,121.0,604.0,0.0,
116.0,Sandro Mamukelashvili,26.0,TOR,C,53.0,11.0,1199.0,224.0,427.0,0.525,75.0,196.0,0.383,149.0,231.0,0.645,0.612,81.0,106.0,0.764,81.0,187.0,268.0,103.0,40.0,32.0,47.0,104.0,604.0,0.0,
117.0,Santi Aldama,25.0,MEM,PF,43.0,11.0,1198.0,228.0,476.0,0.479,70.0,200.0,0.35,158.0,276.0,0.572,0.553,76.0,114.0,0.667,67.0,220.0,287.0,126.0,37.0,31.0,55.0,69.0,602.0,0.0,
118.0,Julian Champagnie,24.0,SAS,SF,54.0,40.0,1508.0,192.0,455.0,0.422,129.0,350.0,0.369,63.0,105.0,0.6,0.564,88.0,104.0,0.846,49.0,269.0,318.0,77.0,42.0,22.0,51.0,84.0,601.0,0.0,
119.0,Grayson Allen,30.0,PHO,SG,35.0,26.0,1059.0,197.0,471.0,0.418,117.0,317.0,0.369,80.0,154.0,0.519,0.542,85.0,101.0,0.842,25.0,81.0,106.0,140.0,50.0,10.0,59.0,79.0,596.0,0.0,
120.0,Franz Wagner,24.0,ORL,SF,28.0,26.0,891.0,205.0,428.0,0.479,42.0,115.0,0.365,163.0,313.0,0.521,0.528,144.0,174.0,0.828,41.0,120.0,161.0,101.0,30.0,9.0,48.0,63.0,596.0,0.0,
121.0,Rudy Gobert,33.0,MIN,C,54.0,54.0,1689.0,241.0,343.0,0.703,0.0,2.0,0.0,241.0,341.0,0.707,0.703,111.0,221.0,0.502,202.0,400.0,602.0,90.0,40.0,87.0,71.0,143.0,593.0,0.0,
122.0,Wendell Carter Jr.,26.0,ORL,C,51.0,51.0,1506.0,210.0,427.0,0.492,57.0,172.0,0.331,153.0,255.0,0.6,0.559,115.0,145.0,0.793,108.0,267.0,375.0,106.0,41.0,35.0,61.0,182.0,592.0,0.0,
123.0,Cam Spencer,25.0,MEM,SG,51.0,14.0,1229.0,194.0,407.0,0.477,110.0,246.0,0.447,84.0,161.0,0.522,0.612,94.0,101.0,0.931,25.0,111.0,136.0,287.0,36.0,5.0,76.0,74.0,592.0,0.0,
124.0,Kel'el Ware,21.0,MIA,C,52.0,29.0,1162.0,236.0,444.0,0.532,60.0,149.0,0.403,176.0,295.0,0.597,0.599,57.0,73.0,0.781,156.0,324.0,480.0,29.0,40.0,54.0,46.0,84.0,589.0,0.0,
125.0,Brandon Williams,26.0,DAL,PG,46.0,12.0,1012.0,207.0,444.0,0.466,25.0,113.0,0.221,182.0,331.0,0.55,0.494,143.0,183.0,0.781,24.0,109.0,133.0,169.0,48.0,9.0,89.0,74.0,582.0,0.0,
126.0,Devin Vassell,25.0,SAS,SG,41.0,39.0,1264.0,207.0,490.0,0.422,96.0,271.0,0.354,111.0,219.0,0.507,0.52,68.0,80.0,0.85,19.0,139.0,158.0,95.0,35.0,17.0,37.0,70.0,578.0,0.0,
127.0,RJ Barrett,25.0,TOR,SF,31.0,31.0,914.0,208.0,432.0,0.481,54.0,158.0,0.342,154.0,274.0,0.562,0.544,105.0,149.0,0.705,29.0,133.0,162.0,111.0,25.0,9.0,54.0,74.0,575.0,0.0,
128.0,Ace Bailey,19.0,UTA,SF,49.0,38.0,1291.0,233.0,518.0,0.45,73.0,215.0,0.34,160.0,303.0,0.528,0.52,34.0,48.0,0.708,77.0,112.0,189.0,84.0,39.0,23.0,63.0,125.0,573.0,0.0,
129.0,Harrison Barnes,33.0,SAS,PF,54.0,49.0,1501.0,195.0,439.0,0.444,102.0,272.0,0.375,93.0,167.0,0.557,0.56,80.0,95.0,0.842,46.0,115.0,161.0,113.0,36.0,11.0,50.0,67.0,572.0,0.0,
130.0,Royce O'Neale,32.0,PHO,SF,55.0,50.0,1614.0,198.0,467.0,0.424,154.0,380.0,0.405,44.0,87.0,0.506,0.589,19.0,28.0,0.679,39.0,227.0,266.0,160.0,65.0,15.0,84.0,124.0,569.0,0.0,
131.0,Jarace Walker,22.0,IND,PF,54.0,19.0,1297.0,195.0,483.0,0.404,86.0,236.0,0.364,109.0,247.0,0.441,0.493,92.0,118.0,0.78,28.0,213.0,241.0,107.0,42.0,19.0,89.0,91.0,568.0,0.0,
132.0,Klay Thompson,35.0,DAL,SF,49.0,8.0,1083.0,200.0,516.0,0.388,140.0,373.0,0.375,60.0,143.0,0.42,0.523,27.0,37.0,0.73,14.0,105.0,119.0,67.0,25.0,15.0,48.0,50.0,567.0,0.0,
133.0,Jock Landale,30.0,2TM,C,49.0,26.0,1146.0,220.0,417.0,0.528,57.0,143.0,0.399,163.0,274.0,0.595,0.596,64.0,97.0,0.66,151.0,161.0,312.0,81.0,26.0,26.0,49.0,110.0,561.0,0.0,
133.0,Jock Landale,30.0,MEM,C,45.0,25.0,1060.0,200.0,389.0,0.514,49.0,129.0,0.38,151.0,260.0,0.581,0.577,60.0,89.0,0.674,141.0,151.0,292.0,75.0,25.0,22.0,46.0,102.0,509.0,0.0,
133.0,Jock Landale,30.0,ATL,C,4.0,1.0,86.0,20.0,28.0,0.714,8.0,14.0,0.571,12.0,14.0,0.857,0.857,4.0,8.0,0.5,10.0,10.0,20.0,6.0,1.0,4.0,3.0,8.0,52.0,0.0,
134.0,P.J. Washington,27.0,DAL,PF,39.0,36.0,1197.0,208.0,465.0,0.447,48.0,158.0,0.304,160.0,307.0,0.521,0.499,87.0,129.0,0.674,53.0,219.0,272.0,73.0,38.0,51.0,78.0,88.0,551.0,0.0,
135.0,Coby White,25.0,CHI,SG,29.0,26.0,843.0,172.0,393.0,0.438,72.0,208.0,0.346,100.0,185.0,0.541,0.529,124.0,154.0,0.805,7.0,101.0,108.0,136.0,20.0,2.0,88.0,71.0,540.0,0.0,
136.0,Dennis Schröder,32.0,2TM,PG,44.0,14.0,1135.0,183.0,457.0,0.4,59.0,181.0,0.326,124.0,276.0,0.449,0.465,115.0,140.0,0.821,22.0,110.0,132.0,226.0,37.0,7.0,84.0,71.0,540.0,0.0,
136.0,Dennis Schröder,32.0,SAC,PG,40.0,14.0,1056.0,172.0,422.0,0.408,57.0,166.0,0.343,115.0,256.0,0.449,0.475,109.0,133.0,0.82,22.0,100.0,122.0,211.0,32.0,6.0,79.0,66.0,510.0,0.0,
136.0,Dennis Schröder,32.0,CLE,PG,4.0,0.0,79.0,11.0,35.0,0.314,2.0,15.0,0.133,9.0,20.0,0.45,0.343,6.0,7.0,0.857,0.0,10.0,10.0,15.0,5.0,1.0,5.0,5.0,30.0,0.0,
137.0,Bub Carrington,20.0,WAS,PG,53.0,24.0,1483.0,187.0,465.0,0.402,110.0,280.0,0.393,77.0,185.0,0.416,0.52,54.0,71.0,0.761,23.0,164.0,187.0,242.0,33.0,11.0,127.0,117.0,538.0,0.0,
138.0,Kyle Filipowski,22.0,UTA,C,55.0,19.0,1216.0,197.0,405.0,0.486,46.0,138.0,0.333,151.0,267.0,0.566,0.543,94.0,132.0,0.712,97.0,269.0,366.0,112.0,46.0,22.0,77.0,158.0,534.0,0.0,
139.0,Rui Hachimura,27.0,LAL,PF,44.0,31.0,1314.0,209.0,409.0,0.511,80.0,179.0,0.447,129.0,230.0,0.561,0.609,36.0,49.0,0.735,26.0,129.0,155.0,40.0,24.0,13.0,34.0,69.0,534.0,0.0,
140.0,Malik Monk,27.0,SAC,SG,43.0,0.0,953.0,190.0,436.0,0.436,89.0,209.0,0.426,101.0,227.0,0.445,0.538,64.0,73.0,0.877,12.0,75.0,87.0,110.0,28.0,17.0,62.0,68.0,533.0,0.0,
141.0,Josh Hart,30.0,NYK,SF,43.0,29.0,1314.0,196.0,394.0,0.497,68.0,167.0,0.407,128.0,227.0,0.564,0.584,63.0,85.0,0.741,63.0,264.0,327.0,225.0,51.0,14.0,86.0,110.0,523.0,2.0,
142.0,A.J. Green,26.0,MIL,SG,49.0,49.0,1480.0,172.0,391.0,0.44,151.0,350.0,0.431,21.0,41.0,0.512,0.633,27.0,34.0,0.794,12.0,116.0,128.0,99.0,27.0,5.0,41.0,115.0,522.0,0.0,
143.0,Bennedict Mathurin,23.0,2TM,SF,30.0,24.0,948.0,162.0,381.0,0.425,59.0,161.0,0.366,103.0,220.0,0.468,0.503,139.0,157.0,0.885,25.0,136.0,161.0,70.0,23.0,5.0,65.0,81.0,522.0,0.0,
143.0,Bennedict Mathurin,23.0,IND,SF,28.0,24.0,891.0,155.0,358.0,0.433,58.0,156.0,0.372,97.0,202.0,0.48,0.514,129.0,146.0,0.884,22.0,129.0,151.0,63.0,17.0,4.0,64.0,76.0,497.0,0.0,
143.0,Bennedict Mathurin,23.0,LAC,SF,2.0,0.0,57.0,7.0,23.0,0.304,1.0,5.0,0.2,6.0,18.0,0.333,0.326,10.0,11.0,0.909,3.0,7.0,10.0,7.0,6.0,1.0,1.0,5.0,25.0,0.0,
144.0,Tre Johnson,19.0,WAS,SG,40.0,22.0,999.0,186.0,423.0,0.44,85.0,220.0,0.386,101.0,203.0,0.498,0.54,58.0,65.0,0.892,21.0,88.0,109.0,86.0,26.0,13.0,56.0,73.0,515.0,0.0,
145.0,Jake LaRavia,24.0,LAL,PF,54.0,33.0,1450.0,181.0,389.0,0.465,61.0,187.0,0.326,120.0,202.0,0.594,0.544,88.0,115.0,0.765,75.0,143.0,218.0,104.0,72.0,26.0,64.0,122.0,511.0,0.0,
146.0,Caleb Love,24.0,POR,SG,45.0,1.0,999.0,189.0,485.0,0.39,93.0,290.0,0.321,96.0,195.0,0.492,0.486,36.0,49.0,0.735,25.0,89.0,114.0,122.0,27.0,4.0,61.0,47.0,507.0,0.0,
147.0,Ausar Thompson,23.0,DET,SF,49.0,48.0,1261.0,206.0,403.0,0.511,6.0,20.0,0.3,200.0,383.0,0.522,0.519,83.0,143.0,0.58,108.0,185.0,293.0,132.0,92.0,41.0,71.0,139.0,501.0,0.0,
148.0,Isaiah Collier,21.0,UTA,PG,48.0,12.0,1225.0,186.0,365.0,0.51,22.0,75.0,0.293,164.0,290.0,0.566,0.54,105.0,152.0,0.691,19.0,106.0,125.0,356.0,48.0,14.0,120.0,115.0,499.0,0.0,
149.0,Tobias Harris,33.0,DET,PF,37.0,37.0,1033.0,179.0,393.0,0.455,52.0,147.0,0.354,127.0,246.0,0.516,0.522,87.0,99.0,0.879,35.0,146.0,181.0,86.0,31.0,9.0,40.0,66.0,497.0,0.0,
150.0,Neemias Queta,26.0,BOS,C,51.0,50.0,1280.0,211.0,330.0,0.639,0.0,5.0,0.0,211.0,325.0,0.649,0.639,75.0,112.0,0.67,153.0,269.0,422.0,77.0,45.0,66.0,57.0,148.0,497.0,0.0,
151.0,Egor Dёmin,19.0,BRK,PG,46.0,39.0,1151.0,165.0,406.0,0.406,116.0,293.0,0.396,49.0,113.0,0.434,0.549,50.0,58.0,0.862,21.0,123.0,144.0,152.0,37.0,14.0,82.0,82.0,496.0,0.0,
152.0,Kevin Huerter,27.0,2TM,SF,48.0,11.0,1085.0,192.0,423.0,0.454,71.0,232.0,0.306,121.0,191.0,0.634,0.538,41.0,56.0,0.732,25.0,151.0,176.0,119.0,38.0,27.0,51.0,90.0,496.0,0.0,
152.0,Kevin Huerter,27.0,CHI,SF,44.0,11.0,1037.0,184.0,404.0,0.455,70.0,223.0,0.314,114.0,181.0,0.63,0.542,41.0,56.0,0.732,23.0,146.0,169.0,116.0,35.0,26.0,49.0,85.0,479.0,0.0,
152.0,Kevin Huerter,27.0,DET,SG,4.0,0.0,48.0,8.0,19.0,0.421,1.0,9.0,0.111,7.0,10.0,0.7,0.447,0.0,0.0,,2.0,5.0,7.0,3.0,3.0,1.0,2.0,5.0,17.0,0.0,
153.0,Isaiah Joe,26.0,OKC,SG,47.0,3.0,993.0,153.0,347.0,0.441,114.0,275.0,0.415,39.0,72.0,0.542,0.605,75.0,85.0,0.882,22.0,96.0,118.0,66.0,29.0,9.0,29.0,82.0,495.0,0.0,
154.0,Kevin Porter Jr.,25.0,MIL,PG,28.0,26.0,943.0,171.0,382.0,0.448,40.0,124.0,0.323,131.0,258.0,0.508,0.5,103.0,118.0,0.873,24.0,122.0,146.0,213.0,61.0,12.0,90.0,60.0,485.0,2.0,
155.0,Isaiah Stewart,24.0,DET,C,48.0,13.0,1116.0,183.0,339.0,0.54,34.0,106.0,0.321,149.0,233.0,0.639,0.59,79.0,104.0,0.76,78.0,169.0,247.0,55.0,13.0,82.0,56.0,143.0,479.0,0.0,
156.0,Jay Huff,27.0,IND,C,55.0,31.0,1101.0,176.0,375.0,0.469,75.0,238.0,0.315,101.0,137.0,0.737,0.569,49.0,58.0,0.845,52.0,158.0,210.0,71.0,31.0,106.0,43.0,135.0,476.0,0.0,
157.0,Vit Krejci,25.0,2TM,PG,52.0,8.0,1159.0,165.0,356.0,0.463,112.0,273.0,0.41,53.0,83.0,0.639,0.621,31.0,41.0,0.756,23.0,85.0,108.0,80.0,42.0,16.0,32.0,119.0,473.0,0.0,
157.0,Vit Krejci,25.0,ATL,PG,46.0,8.0,1028.0,143.0,308.0,0.464,101.0,239.0,0.423,42.0,69.0,0.609,0.628,27.0,36.0,0.75,19.0,78.0,97.0,68.0,37.0,13.0,30.0,108.0,414.0,0.0,
157.0,Vit Krejci,25.0,POR,PG,6.0,0.0,131.0,22.0,48.0,0.458,11.0,34.0,0.324,11.0,14.0,0.786,0.573,4.0,5.0,0.8,4.0,7.0,11.0,12.0,5.0,3.0,2.0,11.0,59.0,0.0,
158.0,Maxime Raynaud,22.0,SAC,C,48.0,30.0,1127.0,200.0,362.0,0.552,11.0,41.0,0.268,189.0,321.0,0.589,0.568,61.0,81.0,0.753,83.0,235.0,318.0,49.0,24.0,23.0,47.0,115.0,472.0,0.0,
159.0,Tre Jones,26.0,CHI,PG,38.0,20.0,1020.0,166.0,302.0,0.55,21.0,64.0,0.328,145.0,238.0,0.609,0.584,117.0,138.0,0.848,24.0,89.0,113.0,222.0,50.0,7.0,52.0,53.0,470.0,0.0,
160.0,Dylan Harper,19.0,SAS,SG,43.0,0.0,933.0,189.0,405.0,0.467,27.0,107.0,0.252,162.0,298.0,0.544,0.5,63.0,84.0,0.75,29.0,116.0,145.0,158.0,36.0,15.0,58.0,79.0,468.0,0.0,
161.0,Darius Garland,26.0,CLE,PG,26.0,26.0,792.0,170.0,377.0,0.451,59.0,164.0,0.36,111.0,213.0,0.521,0.529,68.0,79.0,0.861,12.0,51.0,63.0,180.0,21.0,3.0,73.0,48.0,467.0,0.0,
162.0,Jordan Clarkson,33.0,NYK,SG,51.0,1.0,963.0,173.0,401.0,0.431,62.0,186.0,0.333,111.0,215.0,0.516,0.509,57.0,72.0,0.792,41.0,48.0,89.0,67.0,21.0,8.0,53.0,92.0,465.0,0.0,
163.0,Jalen Suggs,24.0,ORL,PG,33.0,33.0,880.0,164.0,370.0,0.443,64.0,197.0,0.325,100.0,173.0,0.578,0.53,72.0,85.0,0.847,24.0,108.0,132.0,182.0,66.0,25.0,83.0,91.0,464.0,1.0,
164.0,Sam Hauser,28.0,BOS,PF,51.0,23.0,1227.0,160.0,391.0,0.409,132.0,337.0,0.392,28.0,54.0,0.519,0.578,11.0,12.0,0.917,34.0,158.0,192.0,71.0,31.0,17.0,27.0,74.0,463.0,0.0,
165.0,Simone Fontecchio,30.0,MIA,SF,53.0,5.0,931.0,149.0,381.0,0.391,95.0,266.0,0.357,54.0,115.0,0.47,0.516,69.0,83.0,0.831,45.0,131.0,176.0,82.0,29.0,9.0,42.0,81.0,462.0,0.0,
166.0,Pelle Larsson,24.0,MIA,SG,45.0,32.0,1077.0,165.0,333.0,0.495,42.0,126.0,0.333,123.0,207.0,0.594,0.559,89.0,116.0,0.767,36.0,114.0,150.0,148.0,29.0,10.0,50.0,83.0,461.0,0.0,
167.0,Jordan Goodwin,27.0,PHO,PG,52.0,4.0,1154.0,173.0,427.0,0.405,80.0,228.0,0.351,93.0,199.0,0.467,0.499,29.0,41.0,0.707,99.0,147.0,246.0,119.0,78.0,11.0,53.0,97.0,455.0,0.0,
168.0,Jalen Williams,24.0,OKC,SG,26.0,26.0,755.0,175.0,365.0,0.479,20.0,64.0,0.313,155.0,301.0,0.515,0.507,85.0,102.0,0.833,17.0,104.0,121.0,141.0,33.0,9.0,50.0,54.0,455.0,0.0,
169.0,Miles McBride,25.0,NYK,SG,35.0,14.0,981.0,157.0,362.0,0.434,102.0,243.0,0.42,55.0,119.0,0.462,0.575,35.0,43.0,0.814,22.0,69.0,91.0,97.0,30.0,6.0,28.0,64.0,451.0,0.0,
170.0,Jusuf Nurkić,31.0,UTA,C,41.0,36.0,1083.0,180.0,358.0,0.503,25.0,71.0,0.352,155.0,287.0,0.54,0.538,62.0,113.0,0.549,106.0,319.0,425.0,196.0,52.0,22.0,101.0,134.0,447.0,3.0,
171.0,Kelly Oubre Jr.,30.0,PHI,SF,32.0,27.0,1045.0,160.0,341.0,0.469,58.0,158.0,0.367,102.0,183.0,0.557,0.554,67.0,90.0,0.744,29.0,122.0,151.0,51.0,40.0,20.0,42.0,81.0,445.0,0.0,
172.0,Zaccharie Risacher,20.0,ATL,SF,42.0,42.0,1018.0,172.0,383.0,0.449,64.0,182.0,0.352,108.0,201.0,0.537,0.533,35.0,58.0,0.603,36.0,109.0,145.0,56.0,38.0,22.0,40.0,92.0,443.0,0.0,
173.0,Jalen Smith,25.0,CHI,C,43.0,12.0,868.0,160.0,328.0,0.488,66.0,174.0,0.379,94.0,154.0,0.61,0.588,51.0,71.0,0.718,81.0,217.0,298.0,54.0,19.0,33.0,40.0,85.0,437.0,0.0,
174.0,Aaron Nesmith,26.0,IND,SF,32.0,29.0,977.0,144.0,370.0,0.389,76.0,205.0,0.371,68.0,165.0,0.412,0.492,70.0,86.0,0.814,42.0,110.0,152.0,68.0,21.0,18.0,46.0,86.0,434.0,0.0,
175.0,Day'Ron Sharpe,24.0,BRK,C,51.0,4.0,944.0,168.0,275.0,0.611,7.0,32.0,0.219,161.0,243.0,0.663,0.624,91.0,134.0,0.679,140.0,204.0,344.0,116.0,56.0,21.0,82.0,118.0,434.0,0.0,
176.0,Marcus Smart,31.0,LAL,SG,44.0,37.0,1250.0,141.0,351.0,0.402,69.0,210.0,0.329,72.0,141.0,0.511,0.5,82.0,99.0,0.828,30.0,101.0,131.0,127.0,55.0,16.0,72.0,114.0,433.0,0.0,
177.0,Aaron Wiggins,27.0,OKC,SG,41.0,15.0,974.0,161.0,363.0,0.444,75.0,194.0,0.387,86.0,169.0,0.509,0.547,36.0,49.0,0.735,25.0,117.0,142.0,75.0,40.0,23.0,55.0,59.0,433.0,0.0,
178.0,Kris Dunn,31.0,LAC,PG,54.0,48.0,1483.0,161.0,337.0,0.478,58.0,156.0,0.372,103.0,181.0,0.569,0.564,51.0,65.0,0.785,41.0,115.0,156.0,185.0,80.0,8.0,75.0,132.0,431.0,0.0,
179.0,Paul George,35.0,PHI,PF,27.0,27.0,824.0,150.0,354.0,0.424,66.0,173.0,0.382,84.0,181.0,0.464,0.517,65.0,76.0,0.855,14.0,125.0,139.0,100.0,40.0,13.0,44.0,60.0,431.0,0.0,
180.0,Kentavious Caldwell-Pope,32.0,MEM,SG,51.0,14.0,1088.0,150.0,366.0,0.41,55.0,174.0,0.316,95.0,192.0,0.495,0.485,73.0,80.0,0.913,20.0,105.0,125.0,139.0,43.0,8.0,61.0,57.0,428.0,0.0,
181.0,Cason Wallace,22.0,OKC,SG,53.0,43.0,1419.0,163.0,384.0,0.424,71.0,204.0,0.348,92.0,180.0,0.511,0.517,31.0,42.0,0.738,44.0,118.0,162.0,119.0,109.0,15.0,48.0,103.0,428.0,0.0,
182.0,Cam Thomas,24.0,2TM,SG,27.0,8.0,640.0,141.0,346.0,0.408,43.0,130.0,0.331,98.0,216.0,0.454,0.47,100.0,117.0,0.855,9.0,40.0,49.0,79.0,4.0,2.0,53.0,32.0,425.0,0.0,
182.0,Cam Thomas,24.0,BRK,SG,24.0,8.0,582.0,123.0,308.0,0.399,38.0,117.0,0.325,85.0,191.0,0.445,0.461,91.0,108.0,0.843,9.0,34.0,43.0,74.0,4.0,2.0,48.0,31.0,375.0,0.0,
182.0,Cam Thomas,24.0,MIL,SG,3.0,0.0,58.0,18.0,38.0,0.474,5.0,13.0,0.385,13.0,25.0,0.52,0.539,9.0,9.0,1.0,0.0,6.0,6.0,5.0,0.0,0.0,5.0,1.0,50.0,0.0,
183.0,Jrue Holiday,35.0,POR,PG,27.0,25.0,763.0,157.0,346.0,0.454,64.0,171.0,0.374,93.0,175.0,0.531,0.546,46.0,58.0,0.793,42.0,85.0,127.0,175.0,33.0,3.0,71.0,46.0,424.0,0.0,
184.0,Quinten Post,25.0,GSW,PF,55.0,32.0,936.0,157.0,358.0,0.439,82.0,234.0,0.35,75.0,124.0,0.605,0.553,26.0,32.0,0.813,52.0,157.0,209.0,75.0,23.0,26.0,40.0,106.0,422.0,0.0,
185.0,Sam Merrill,29.0,CLE,SG,31.0,22.0,786.0,138.0,285.0,0.484,109.0,231.0,0.472,29.0,54.0,0.537,0.675,36.0,41.0,0.878,21.0,50.0,71.0,70.0,19.0,5.0,29.0,81.0,421.0,0.0,
186.0,Marvin Bagley III,26.0,2TM,PF,41.0,8.0,800.0,167.0,271.0,0.616,9.0,21.0,0.429,158.0,250.0,0.632,0.633,74.0,110.0,0.673,109.0,131.0,240.0,60.0,22.0,31.0,45.0,84.0,417.0,0.0,
186.0,Marvin Bagley III,26.0,WAS,PF,38.0,8.0,731.0,154.0,246.0,0.626,8.0,19.0,0.421,146.0,227.0,0.643,0.642,69.0,97.0,0.711,97.0,119.0,216.0,56.0,20.0,27.0,44.0,78.0,385.0,0.0,
186.0,Marvin Bagley III,26.0,DAL,PF,3.0,0.0,69.0,13.0,25.0,0.52,1.0,2.0,0.5,12.0,23.0,0.522,0.54,5.0,13.0,0.385,12.0,12.0,24.0,4.0,2.0,4.0,1.0,6.0,32.0,0.0,
187.0,Davion Mitchell,27.0,MIA,PG,46.0,46.0,1329.0,163.0,348.0,0.468,55.0,137.0,0.401,108.0,211.0,0.512,0.547,35.0,53.0,0.66,17.0,96.0,113.0,324.0,51.0,6.0,75.0,125.0,416.0,0.0,
188.0,Bruce Brown,29.0,DEN,SG,55.0,2.0,1371.0,159.0,344.0,0.462,31.0,88.0,0.352,128.0,256.0,0.5,0.507,64.0,83.0,0.771,65.0,156.0,221.0,116.0,58.0,15.0,56.0,135.0,413.0,0.0,
189.0,Tristan Da Silva,24.0,ORL,SF,48.0,14.0,1072.0,155.0,363.0,0.427,69.0,189.0,0.365,86.0,174.0,0.494,0.522,32.0,38.0,0.842,32.0,124.0,156.0,57.0,41.0,13.0,40.0,62.0,411.0,0.0,
190.0,Moussa Diabaté,24.0,CHO,C,50.0,24.0,1258.0,160.0,253.0,0.632,1.0,2.0,0.5,159.0,251.0,0.633,0.634,90.0,136.0,0.662,183.0,248.0,431.0,78.0,33.0,49.0,46.0,121.0,411.0,0.0,
191.0,Isaac Okoro,25.0,CHI,SG,46.0,46.0,1196.0,150.0,322.0,0.466,48.0,148.0,0.324,102.0,174.0,0.586,0.54,60.0,76.0,0.789,50.0,72.0,122.0,71.0,31.0,23.0,30.0,115.0,408.0,0.0,
192.0,Anthony Davis,32.0,DAL,PF,20.0,20.0,626.0,169.0,334.0,0.506,10.0,37.0,0.27,159.0,297.0,0.535,0.521,59.0,81.0,0.728,62.0,159.0,221.0,56.0,22.0,33.0,41.0,42.0,407.0,0.0,
193.0,Aaron Gordon,30.0,DEN,PF,23.0,20.0,642.0,139.0,273.0,0.509,42.0,105.0,0.4,97.0,168.0,0.577,0.586,86.0,109.0,0.789,30.0,112.0,142.0,58.0,16.0,4.0,24.0,38.0,406.0,0.0,
194.0,Svi Mykhailiuk,28.0,UTA,SF,45.0,41.0,1071.0,151.0,316.0,0.478,81.0,204.0,0.397,70.0,112.0,0.625,0.606,23.0,25.0,0.92,30.0,83.0,113.0,85.0,23.0,3.0,38.0,61.0,406.0,0.0,
195.0,Jordan Poole,26.0,NOP,PG,28.0,6.0,710.0,125.0,338.0,0.37,71.0,211.0,0.336,54.0,127.0,0.425,0.475,85.0,97.0,0.876,6.0,45.0,51.0,86.0,19.0,9.0,53.0,67.0,406.0,0.0,
196.0,Luke Kennard,29.0,2TM,SG,50.0,1.0,1040.0,144.0,264.0,0.545,79.0,160.0,0.494,65.0,104.0,0.625,0.695,37.0,40.0,0.925,22.0,89.0,111.0,107.0,36.0,5.0,35.0,61.0,404.0,0.0,
196.0,Luke Kennard,29.0,ATL,SG,46.0,0.0,944.0,129.0,240.0,0.538,74.0,149.0,0.497,55.0,91.0,0.604,0.692,32.0,35.0,0.914,19.0,80.0,99.0,96.0,33.0,5.0,32.0,53.0,364.0,0.0,
196.0,Luke Kennard,29.0,LAL,SG,4.0,1.0,96.0,15.0,24.0,0.625,5.0,11.0,0.455,10.0,13.0,0.769,0.729,5.0,5.0,1.0,3.0,9.0,12.0,11.0,3.0,0.0,3.0,8.0,40.0,0.0,
197.0,Ron Holland,20.0,DET,SF,49.0,5.0,1016.0,145.0,351.0,0.413,30.0,131.0,0.229,115.0,220.0,0.523,0.456,78.0,99.0,0.788,52.0,161.0,213.0,70.0,67.0,18.0,66.0,109.0,398.0,0.0,
198.0,Draymond Green,35.0,GSW,PF,46.0,46.0,1229.0,143.0,343.0,0.417,70.0,214.0,0.327,73.0,129.0,0.566,0.519,41.0,58.0,0.707,34.0,230.0,264.0,237.0,39.0,29.0,127.0,141.0,397.0,0.0,
199.0,Jonas Valančiūnas,33.0,DEN,C,43.0,4.0,627.0,157.0,272.0,0.577,5.0,18.0,0.278,152.0,254.0,0.598,0.586,73.0,96.0,0.76,70.0,155.0,225.0,55.0,9.0,28.0,52.0,97.0,392.0,0.0,
200.0,Luguentz Dort,26.0,OKC,SF,45.0,45.0,1246.0,138.0,347.0,0.398,86.0,246.0,0.35,52.0,101.0,0.515,0.522,28.0,36.0,0.778,39.0,132.0,171.0,55.0,39.0,21.0,36.0,131.0,390.0,0.0,
201.0,Gary Trent Jr.,27.0,MIL,SG,47.0,17.0,1108.0,133.0,346.0,0.384,92.0,253.0,0.364,41.0,93.0,0.441,0.517,32.0,41.0,0.78,6.0,46.0,52.0,69.0,27.0,3.0,26.0,63.0,390.0,0.0,
202.0,Justin Champagnie,24.0,WAS,SF,50.0,14.0,965.0,149.0,298.0,0.5,35.0,109.0,0.321,114.0,189.0,0.603,0.559,56.0,74.0,0.757,109.0,179.0,288.0,55.0,40.0,29.0,32.0,77.0,389.0,0.0,
203.0,Ja Morant,26.0,MEM,PG,20.0,20.0,569.0,132.0,322.0,0.41,20.0,85.0,0.235,112.0,237.0,0.473,0.441,105.0,117.0,0.897,8.0,57.0,65.0,161.0,20.0,6.0,71.0,40.0,389.0,0.0,
204.0,T.J. McConnell,33.0,IND,PG,40.0,0.0,680.0,178.0,330.0,0.539,12.0,38.0,0.316,166.0,292.0,0.568,0.558,15.0,16.0,0.938,17.0,71.0,88.0,192.0,45.0,8.0,49.0,49.0,383.0,0.0,
205.0,Tari Eason,24.0,HOU,PF,31.0,17.0,788.0,143.0,317.0,0.451,69.0,150.0,0.46,74.0,167.0,0.443,0.56,23.0,35.0,0.657,60.0,130.0,190.0,45.0,40.0,17.0,48.0,69.0,378.0,0.0,
206.0,Jamal Shead,23.0,TOR,PG,55.0,7.0,1225.0,127.0,350.0,0.363,61.0,190.0,0.321,66.0,160.0,0.413,0.45,60.0,79.0,0.759,18.0,86.0,104.0,297.0,54.0,9.0,78.0,110.0,375.0,0.0,
207.0,Khris Middleton,34.0,2TM,SF,36.0,34.0,869.0,135.0,316.0,0.427,35.0,106.0,0.33,100.0,210.0,0.476,0.483,67.0,79.0,0.848,31.0,109.0,140.0,114.0,26.0,9.0,59.0,91.0,372.0,0.0,
207.0,Khris Middleton,34.0,WAS,SF,34.0,34.0,827.0,130.0,300.0,0.433,33.0,99.0,0.333,97.0,201.0,0.483,0.488,58.0,69.0,0.841,30.0,104.0,134.0,111.0,26.0,9.0,57.0,86.0,351.0,0.0,
207.0,Khris Middleton,34.0,DAL,SF,2.0,0.0,42.0,5.0,16.0,0.313,2.0,7.0,0.286,3.0,9.0,0.333,0.375,9.0,10.0,0.9,1.0,5.0,6.0,3.0,0.0,0.0,2.0,5.0,21.0,0.0,
208.0,Javonte Green,32.0,DET,SG,53.0,4.0,979.0,123.0,276.0,0.446,56.0,156.0,0.359,67.0,120.0,0.558,0.547,69.0,86.0,0.802,42.0,103.0,145.0,39.0,70.0,16.0,35.0,74.0,371.0,0.0,
209.0,Ziaire Williams,24.0,BRK,SF,38.0,5.0,873.0,120.0,288.0,0.417,63.0,195.0,0.323,57.0,93.0,0.613,0.526,67.0,78.0,0.859,21.0,78.0,99.0,31.0,46.0,19.0,40.0,78.0,370.0,0.0,
210.0,Dominick Barlow,22.0,PHI,PF,43.0,36.0,1032.0,146.0,262.0,0.557,18.0,63.0,0.286,128.0,199.0,0.643,0.592,57.0,74.0,0.77,96.0,119.0,215.0,52.0,42.0,26.0,35.0,86.0,367.0,0.0,
211.0,Jose Alvarado,27.0,2TM,PG,44.0,0.0,958.0,131.0,310.0,0.423,80.0,215.0,0.372,51.0,95.0,0.537,0.552,24.0,30.0,0.8,16.0,104.0,120.0,139.0,44.0,5.0,51.0,89.0,366.0,0.0,
211.0,Jose Alvarado,27.0,NOP,PG,41.0,0.0,896.0,117.0,280.0,0.418,70.0,193.0,0.363,47.0,87.0,0.54,0.543,20.0,24.0,0.833,16.0,98.0,114.0,128.0,37.0,4.0,47.0,80.0,324.0,0.0,
211.0,Jose Alvarado,27.0,NYK,PG,3.0,0.0,62.0,14.0,30.0,0.467,10.0,22.0,0.455,4.0,8.0,0.5,0.633,4.0,6.0,0.667,0.0,6.0,6.0,11.0,7.0,1.0,4.0,9.0,42.0,0.0,
212.0,Gradey Dick,22.0,TOR,SG,55.0,1.0,885.0,125.0,295.0,0.424,48.0,153.0,0.314,77.0,142.0,0.542,0.505,62.0,71.0,0.873,35.0,85.0,120.0,37.0,36.0,5.0,32.0,79.0,360.0,0.0,
213.0,Cameron Johnson,29.0,DEN,SF,31.0,31.0,942.0,125.0,266.0,0.47,59.0,135.0,0.437,66.0,131.0,0.504,0.581,47.0,58.0,0.81,21.0,91.0,112.0,69.0,21.0,8.0,28.0,73.0,356.0,0.0,
214.0,Daniss Jenkins,24.0,DET,PG,44.0,7.0,742.0,127.0,299.0,0.425,43.0,113.0,0.381,84.0,186.0,0.452,0.497,58.0,73.0,0.795,26.0,57.0,83.0,140.0,40.0,7.0,58.0,62.0,355.0,0.0,
215.0,Buddy Hield,33.0,2TM,SG,45.0,3.0,773.0,130.0,301.0,0.432,67.0,196.0,0.342,63.0,105.0,0.6,0.543,27.0,34.0,0.794,26.0,82.0,108.0,66.0,37.0,9.0,43.0,56.0,354.0,0.0,
215.0,Buddy Hield,33.0,GSW,SG,44.0,3.0,768.0,130.0,300.0,0.433,67.0,195.0,0.344,63.0,105.0,0.6,0.545,27.0,34.0,0.794,26.0,82.0,108.0,66.0,37.0,9.0,42.0,56.0,354.0,0.0,
215.0,Buddy Hield,33.0,ATL,SG,1.0,0.0,5.0,0.0,1.0,0.0,0.0,1.0,0.0,0.0,0.0,,0.0,0.0,0.0,,0.0,0.0,0.0,0.0,0.0,0.0,1.0,0.0,0.0,0.0,
216.0,Ryan Kalkbrenner,24.0,CHO,C,43.0,27.0,986.0,150.0,198.0,0.758,0.0,2.0,0.0,150.0,196.0,0.765,0.758,54.0,80.0,0.675,106.0,151.0,257.0,28.0,27.0,64.0,45.0,73.0,354.0,0.0,
217.0,Patrick Williams,24.0,CHI,PF,51.0,3.0,979.0,126.0,327.0,0.385,68.0,176.0,0.386,58.0,151.0,0.384,0.489,33.0,48.0,0.688,38.0,112.0,150.0,66.0,33.0,15.0,47.0,65.0,353.0,0.0,
218.0,Luka Garza,27.0,BOS,C,45.0,4.0,750.0,127.0,218.0,0.583,32.0,73.0,0.438,95.0,145.0,0.655,0.656,63.0,81.0,0.778,107.0,81.0,188.0,46.0,19.0,21.0,25.0,107.0,349.0,0.0,
219.0,Terance Mann,29.0,BRK,SG,46.0,42.0,1163.0,128.0,284.0,0.451,39.0,114.0,0.342,89.0,170.0,0.524,0.519,52.0,64.0,0.813,54.0,96.0,150.0,157.0,34.0,11.0,54.0,115.0,347.0,0.0,
220.0,Precious Achiuwa,26.0,SAC,C,48.0,32.0,973.0,144.0,288.0,0.5,16.0,54.0,0.296,128.0,234.0,0.547,0.528,39.0,74.0,0.527,90.0,171.0,261.0,55.0,40.0,26.0,32.0,79.0,343.0,0.0,
221.0,Bones Hyland,25.0,MIN,PG,47.0,3.0,696.0,124.0,266.0,0.466,63.0,164.0,0.384,61.0,102.0,0.598,0.585,32.0,45.0,0.711,15.0,64.0,79.0,123.0,26.0,10.0,41.0,82.0,343.0,0.0,
222.0,Nique Clifford,23.0,SAC,SG,52.0,10.0,1107.0,128.0,326.0,0.393,44.0,139.0,0.317,84.0,187.0,0.449,0.46,42.0,59.0,0.712,42.0,120.0,162.0,86.0,35.0,17.0,62.0,100.0,342.0,0.0,
223.0,Collin Murray-Boyles,20.0,TOR,PF,43.0,19.0,953.0,142.0,257.0,0.553,16.0,46.0,0.348,126.0,211.0,0.597,0.584,39.0,61.0,0.639,104.0,110.0,214.0,89.0,39.0,38.0,50.0,110.0,339.0,0.0,
224.0,Nikola Jović,22.0,MIA,PF,44.0,1.0,789.0,113.0,305.0,0.37,44.0,162.0,0.272,69.0,143.0,0.483,0.443,68.0,99.0,0.687,25.0,127.0,152.0,99.0,26.0,17.0,65.0,63.0,338.0,0.0,
225.0,Dru Smith,28.0,MIA,SG,55.0,1.0,948.0,113.0,275.0,0.411,35.0,114.0,0.307,78.0,161.0,0.484,0.475,77.0,92.0,0.837,48.0,95.0,143.0,152.0,81.0,17.0,47.0,84.0,338.0,0.0,
226.0,Corey Kispert,26.0,2TM,SF,35.0,8.0,714.0,115.0,248.0,0.464,54.0,149.0,0.362,61.0,99.0,0.616,0.573,51.0,62.0,0.823,13.0,71.0,84.0,60.0,14.0,5.0,29.0,37.0,335.0,0.0,
226.0,Corey Kispert,26.0,WAS,SF,19.0,2.0,370.0,59.0,119.0,0.496,30.0,76.0,0.395,29.0,43.0,0.674,0.622,26.0,34.0,0.765,6.0,38.0,44.0,32.0,8.0,3.0,14.0,20.0,174.0,0.0,
226.0,Corey Kispert,26.0,ATL,SF,16.0,6.0,344.0,56.0,129.0,0.434,24.0,73.0,0.329,32.0,56.0,0.571,0.527,25.0,28.0,0.893,7.0,33.0,40.0,28.0,6.0,2.0,15.0,17.0,161.0,0.0,
227.0,De'Anthony Melton,27.0,GSW,PG,28.0,4.0,609.0,117.0,276.0,0.424,39.0,132.0,0.295,78.0,144.0,0.542,0.495,54.0,66.0,0.818,15.0,63.0,78.0,66.0,44.0,11.0,48.0,62.0,327.0,0.0,
228.0,Danny Wolf,21.0,BRK,PF,39.0,8.0,786.0,119.0,294.0,0.405,45.0,138.0,0.326,74.0,156.0,0.474,0.481,44.0,56.0,0.786,42.0,142.0,184.0,77.0,22.0,19.0,42.0,76.0,327.0,0.0,
229.0,Walter Clayton,22.0,2TM,PG,47.0,0.0,861.0,110.0,275.0,0.4,45.0,151.0,0.298,65.0,124.0,0.524,0.482,60.0,64.0,0.938,15.0,80.0,95.0,154.0,28.0,12.0,62.0,81.0,325.0,0.0,
229.0,Walter Clayton,22.0,UTA,PG,45.0,0.0,811.0,102.0,256.0,0.398,44.0,143.0,0.308,58.0,113.0,0.513,0.484,58.0,62.0,0.935,15.0,73.0,88.0,143.0,24.0,12.0,57.0,78.0,306.0,0.0,
229.0,Walter Clayton,22.0,MEM,PG,2.0,0.0,50.0,8.0,19.0,0.421,1.0,8.0,0.125,7.0,11.0,0.636,0.447,2.0,2.0,1.0,0.0,7.0,7.0,11.0,4.0,0.0,5.0,3.0,19.0,0.0,
230.0,Sidy Cissoko,21.0,POR,SF,50.0,24.0,1114.0,109.0,267.0,0.408,54.0,165.0,0.327,55.0,102.0,0.539,0.509,52.0,74.0,0.703,51.0,79.0,130.0,76.0,38.0,16.0,54.0,135.0,324.0,0.0,
231.0,Luke Kornet,30.0,SAS,C,44.0,22.0,1006.0,129.0,197.0,0.655,0.0,0.0,,129.0,197.0,0.655,0.655,65.0,82.0,0.793,133.0,160.0,293.0,86.0,21.0,54.0,19.0,84.0,323.0,0.0,
232.0,Will Richard,23.0,GSW,SG,49.0,15.0,937.0,116.0,247.0,0.47,54.0,154.0,0.351,62.0,93.0,0.667,0.579,37.0,45.0,0.822,48.0,73.0,121.0,67.0,57.0,5.0,41.0,90.0,323.0,0.0,
233.0,Bilal Coulibaly,21.0,WAS,SG,33.0,33.0,884.0,106.0,269.0,0.394,29.0,111.0,0.261,77.0,158.0,0.487,0.448,81.0,106.0,0.764,29.0,117.0,146.0,83.0,47.0,30.0,50.0,89.0,322.0,0.0,
234.0,Brook Lopez,37.0,LAC,C,47.0,12.0,874.0,111.0,288.0,0.385,69.0,198.0,0.348,42.0,90.0,0.467,0.505,29.0,34.0,0.853,16.0,108.0,124.0,46.0,25.0,50.0,38.0,81.0,320.0,0.0,
235.0,Isaiah Hartenstein,27.0,OKC,C,30.0,29.0,772.0,134.0,211.0,0.635,0.0,5.0,0.0,134.0,206.0,0.65,0.635,50.0,77.0,0.649,98.0,192.0,290.0,107.0,31.0,20.0,63.0,81.0,318.0,1.0,
236.0,Kobe Sanders,23.0,LAC,SG,46.0,11.0,972.0,115.0,264.0,0.436,47.0,127.0,0.37,68.0,137.0,0.496,0.525,40.0,50.0,0.8,23.0,95.0,118.0,79.0,26.0,6.0,62.0,98.0,317.0,0.0,
237.0,Jaden Ivey,23.0,2TM,SG,37.0,5.0,670.0,114.0,256.0,0.445,50.0,134.0,0.373,64.0,122.0,0.525,0.543,38.0,47.0,0.809,24.0,67.0,91.0,68.0,23.0,14.0,41.0,53.0,316.0,0.0,
237.0,Jaden Ivey,23.0,DET,SG,33.0,2.0,555.0,99.0,220.0,0.45,42.0,113.0,0.372,57.0,107.0,0.533,0.545,30.0,38.0,0.789,19.0,53.0,72.0,52.0,15.0,12.0,35.0,44.0,270.0,0.0,
237.0,Jaden Ivey,23.0,CHI,SG,4.0,3.0,115.0,15.0,36.0,0.417,8.0,21.0,0.381,7.0,15.0,0.467,0.528,8.0,9.0,0.889,5.0,14.0,19.0,16.0,8.0,2.0,6.0,9.0,46.0,0.0,
238.0,Will Riley,19.0,WAS,SF,45.0,2.0,747.0,113.0,274.0,0.412,36.0,110.0,0.327,77.0,164.0,0.47,0.478,51.0,66.0,0.773,36.0,65.0,101.0,64.0,27.0,5.0,40.0,39.0,313.0,0.0,
239.0,Jaxson Hayes,25.0,LAL,C,45.0,7.0,796.0,129.0,167.0,0.772,2.0,2.0,1.0,127.0,165.0,0.77,0.778,50.0,78.0,0.641,65.0,110.0,175.0,43.0,19.0,28.0,24.0,91.0,310.0,0.0,
240.0,Sion James,23.0,CHO,SG,55.0,18.0,1316.0,95.0,251.0,0.378,54.0,148.0,0.365,41.0,103.0,0.398,0.486,65.0,76.0,0.855,31.0,158.0,189.0,107.0,30.0,17.0,50.0,100.0,309.0,0.0,
241.0,Daniel Gafford,27.0,DAL,C,38.0,28.0,814.0,117.0,185.0,0.632,0.0,0.0,,117.0,185.0,0.632,0.632,71.0,94.0,0.755,81.0,166.0,247.0,35.0,29.0,51.0,50.0,100.0,305.0,0.0,
242.0,Oso Ighodaro,23.0,PHO,PF,55.0,7.0,1102.0,135.0,214.0,0.631,0.0,1.0,0.0,135.0,213.0,0.634,0.631,35.0,71.0,0.493,84.0,166.0,250.0,99.0,51.0,33.0,68.0,139.0,305.0,0.0,
243.0,Jordan Miller,26.0,LAC,SF,33.0,0.0,652.0,103.0,201.0,0.512,25.0,70.0,0.357,78.0,131.0,0.595,0.575,70.0,89.0,0.787,31.0,75.0,106.0,54.0,23.0,5.0,39.0,32.0,301.0,0.0,
244.0,Domantas Sabonis,29.0,SAC,C,19.0,15.0,564.0,120.0,221.0,0.543,5.0,27.0,0.185,115.0,194.0,0.593,0.554,56.0,77.0,0.727,64.0,152.0,216.0,78.0,18.0,4.0,51.0,66.0,301.0,0.0,
245.0,GG Jackson II,21.0,MEM,PF,33.0,8.0,616.0,110.0,228.0,0.482,33.0,101.0,0.327,77.0,127.0,0.606,0.555,43.0,58.0,0.741,19.0,100.0,119.0,40.0,22.0,21.0,33.0,53.0,296.0,0.0,
246.0,Herbert Jones,27.0,NOP,SF,33.0,33.0,949.0,109.0,278.0,0.392,44.0,144.0,0.306,65.0,134.0,0.485,0.471,31.0,40.0,0.775,30.0,88.0,118.0,87.0,53.0,16.0,44.0,105.0,293.0,0.0,
247.0,Vince Williams Jr.,25.0,2TM,PG,38.0,12.0,789.0,101.0,281.0,0.359,53.0,169.0,0.314,48.0,112.0,0.429,0.454,37.0,46.0,0.804,38.0,111.0,149.0,161.0,28.0,16.0,67.0,76.0,292.0,0.0,
247.0,Vince Williams Jr.,25.0,MEM,PG,34.0,12.0,736.0,93.0,264.0,0.352,49.0,159.0,0.308,44.0,105.0,0.419,0.445,37.0,46.0,0.804,34.0,102.0,136.0,150.0,27.0,14.0,63.0,71.0,272.0,0.0,
247.0,Vince Williams Jr.,25.0,UTA,SG,4.0,0.0,53.0,8.0,17.0,0.471,4.0,10.0,0.4,4.0,7.0,0.571,0.588,0.0,0.0,,4.0,9.0,13.0,11.0,1.0,2.0,4.0,5.0,20.0,0.0,
248.0,Kristaps Porziņģis,30.0,ATL,C,17.0,12.0,413.0,96.0,210.0,0.457,31.0,86.0,0.36,65.0,124.0,0.524,0.531,68.0,81.0,0.84,21.0,66.0,87.0,46.0,9.0,22.0,16.0,54.0,291.0,0.0,
249.0,Ryan Dunn,23.0,PHO,SF,48.0,11.0,934.0,115.0,261.0,0.441,39.0,120.0,0.325,76.0,141.0,0.539,0.515,20.0,34.0,0.588,69.0,127.0,196.0,74.0,42.0,20.0,45.0,102.0,289.0,0.0,
250.0,Nae'Qwan Tomlin,25.0,CLE,PF,44.0,2.0,750.0,116.0,238.0,0.487,19.0,87.0,0.218,97.0,151.0,0.642,0.527,38.0,51.0,0.745,62.0,76.0,138.0,41.0,34.0,28.0,17.0,92.0,289.0,0.0,
251.0,Landry Shamet,28.0,NYK,SG,30.0,9.0,658.0,94.0,211.0,0.445,65.0,154.0,0.422,29.0,57.0,0.509,0.6,34.0,47.0,0.723,15.0,42.0,57.0,46.0,15.0,6.0,13.0,42.0,287.0,0.0,
252.0,Ben Sheppard,24.0,IND,SG,44.0,14.0,939.0,101.0,252.0,0.401,55.0,159.0,0.346,46.0,93.0,0.495,0.51,27.0,35.0,0.771,25.0,112.0,137.0,80.0,22.0,4.0,25.0,76.0,284.0,0.0,
253.0,Jared McCain,21.0,2TM,SG,41.0,1.0,694.0,102.0,260.0,0.392,51.0,133.0,0.383,51.0,127.0,0.402,0.49,27.0,31.0,0.871,10.0,77.0,87.0,66.0,24.0,2.0,36.0,48.0,282.0,0.0,
253.0,Jared McCain,21.0,PHI,SG,37.0,1.0,620.0,89.0,231.0,0.385,45.0,119.0,0.378,44.0,112.0,0.393,0.483,22.0,25.0,0.88,6.0,69.0,75.0,62.0,22.0,2.0,30.0,43.0,245.0,0.0,
253.0,Jared McCain,21.0,OKC,SG,4.0,0.0,74.0,13.0,29.0,0.448,6.0,14.0,0.429,7.0,15.0,0.467,0.552,5.0,6.0,0.833,4.0,8.0,12.0,4.0,2.0,0.0,6.0,5.0,37.0,0.0,
254.0,Ja'Kobe Walter,21.0,TOR,SG,45.0,10.0,827.0,97.0,226.0,0.429,50.0,143.0,0.35,47.0,83.0,0.566,0.54,36.0,45.0,0.8,31.0,67.0,98.0,45.0,41.0,8.0,25.0,92.0,280.0,0.0,
255.0,Caris LeVert,31.0,DET,SG,36.0,0.0,706.0,101.0,234.0,0.432,39.0,114.0,0.342,62.0,120.0,0.517,0.515,38.0,56.0,0.679,12.0,53.0,65.0,102.0,33.0,23.0,46.0,57.0,279.0,0.0,
256.0,Keegan Murray,25.0,SAC,PF,19.0,18.0,683.0,111.0,259.0,0.429,25.0,92.0,0.272,86.0,167.0,0.515,0.477,30.0,38.0,0.789,30.0,86.0,116.0,29.0,23.0,30.0,22.0,37.0,277.0,0.0,
257.0,Andre Drummond,32.0,PHI,C,40.0,19.0,790.0,109.0,217.0,0.502,19.0,51.0,0.373,90.0,166.0,0.542,0.546,39.0,62.0,0.629,135.0,209.0,344.0,34.0,22.0,35.0,40.0,78.0,276.0,0.0,
258.0,Spencer Jones,24.0,DEN,SF,46.0,34.0,1086.0,99.0,196.0,0.505,48.0,116.0,0.414,51.0,80.0,0.638,0.628,28.0,45.0,0.622,51.0,92.0,143.0,38.0,42.0,20.0,26.0,129.0,274.0,0.0,
259.0,Josh Okogie,27.0,HOU,SG,52.0,29.0,1021.0,96.0,219.0,0.438,47.0,121.0,0.388,49.0,98.0,0.5,0.546,33.0,55.0,0.6,62.0,84.0,146.0,46.0,48.0,12.0,35.0,85.0,272.0,0.0,
260.0,Jordan Walsh,21.0,BOS,PF,48.0,20.0,886.0,102.0,199.0,0.513,32.0,86.0,0.372,70.0,113.0,0.619,0.593,35.0,45.0,0.778,71.0,137.0,208.0,41.0,41.0,23.0,25.0,107.0,271.0,0.0,
261.0,Tyrese Martin,26.0,BRK,SG,37.0,6.0,696.0,100.0,255.0,0.392,51.0,152.0,0.336,49.0,103.0,0.476,0.492,19.0,26.0,0.731,32.0,74.0,106.0,69.0,22.0,4.0,33.0,30.0,270.0,0.0,
262.0,D'Angelo Russell,29.0,DAL,PG,26.0,3.0,495.0,94.0,232.0,0.405,33.0,112.0,0.295,61.0,120.0,0.508,0.476,43.0,60.0,0.717,8.0,53.0,61.0,104.0,12.0,2.0,49.0,30.0,264.0,0.0,
263.0,Yves Missi,21.0,NOP,C,47.0,7.0,907.0,113.0,210.0,0.538,0.0,1.0,0.0,113.0,209.0,0.541,0.538,37.0,65.0,0.569,137.0,128.0,265.0,57.0,15.0,64.0,36.0,81.0,263.0,0.0,
264.0,Gary Payton II,33.0,GSW,SG,50.0,1.0,654.0,117.0,220.0,0.532,21.0,68.0,0.309,96.0,152.0,0.632,0.58,8.0,14.0,0.571,58.0,98.0,156.0,78.0,31.0,17.0,43.0,81.0,263.0,0.0,
265.0,Mouhamed Gueye,23.0,ATL,PF,53.0,5.0,862.0,101.0,227.0,0.445,28.0,97.0,0.289,73.0,130.0,0.562,0.507,32.0,51.0,0.627,67.0,129.0,196.0,52.0,43.0,28.0,28.0,91.0,262.0,0.0,
266.0,Drake Powell,20.0,BRK,SG,42.0,9.0,802.0,90.0,209.0,0.431,32.0,107.0,0.299,58.0,102.0,0.569,0.507,49.0,55.0,0.891,13.0,58.0,71.0,65.0,21.0,7.0,42.0,60.0,261.0,0.0,
267.0,Jaylin Williams,23.0,OKC,PF,41.0,8.0,792.0,82.0,217.0,0.378,50.0,156.0,0.321,32.0,61.0,0.525,0.493,45.0,59.0,0.763,23.0,178.0,201.0,104.0,25.0,28.0,42.0,83.0,259.0,0.0,
268.0,Keon Ellis,26.0,2TM,SG,47.0,5.0,841.0,90.0,227.0,0.396,58.0,159.0,0.365,32.0,68.0,0.471,0.524,21.0,34.0,0.618,17.0,51.0,68.0,33.0,53.0,25.0,25.0,75.0,259.0,0.0,
268.0,Keon Ellis,26.0,SAC,SG,43.0,5.0,758.0,83.0,209.0,0.397,53.0,144.0,0.368,30.0,65.0,0.462,0.524,20.0,32.0,0.625,15.0,40.0,55.0,26.0,46.0,22.0,21.0,69.0,239.0,0.0,
268.0,Keon Ellis,26.0,CLE,SG,4.0,0.0,83.0,7.0,18.0,0.389,5.0,15.0,0.333,2.0,3.0,0.667,0.528,1.0,2.0,0.5,2.0,11.0,13.0,7.0,7.0,3.0,4.0,6.0,20.0,0.0,
269.0,Al Horford,39.0,GSW,C,34.0,5.0,702.0,96.0,224.0,0.429,49.0,145.0,0.338,47.0,79.0,0.595,0.538,17.0,19.0,0.895,33.0,134.0,167.0,79.0,26.0,36.0,33.0,42.0,258.0,0.0,
270.0,Ryan Nembhard,22.0,DAL,PG,38.0,17.0,713.0,105.0,245.0,0.429,33.0,87.0,0.379,72.0,158.0,0.456,0.496,10.0,13.0,0.769,8.0,60.0,68.0,186.0,10.0,1.0,55.0,52.0,253.0,0.0,
271.0,Bryce McGowens,23.0,NOP,SG,32.0,11.0,636.0,82.0,171.0,0.48,29.0,64.0,0.453,53.0,107.0,0.495,0.564,59.0,77.0,0.766,10.0,52.0,62.0,48.0,19.0,5.0,15.0,63.0,252.0,0.0,
272.0,Gui Santos,23.0,GSW,PF,44.0,9.0,645.0,95.0,183.0,0.519,37.0,100.0,0.37,58.0,83.0,0.699,0.62,25.0,40.0,0.625,37.0,92.0,129.0,65.0,30.0,14.0,42.0,70.0,252.0,0.0,
273.0,Kenrich Williams,31.0,OKC,PF,36.0,2.0,581.0,97.0,190.0,0.511,35.0,88.0,0.398,62.0,102.0,0.608,0.603,22.0,35.0,0.629,37.0,89.0,126.0,56.0,22.0,4.0,30.0,38.0,251.0,0.0,
274.0,Tristan Vukcevic,22.0,WAS,C,33.0,3.0,394.0,86.0,184.0,0.467,20.0,73.0,0.274,66.0,111.0,0.595,0.522,57.0,74.0,0.77,20.0,61.0,81.0,36.0,10.0,23.0,38.0,44.0,249.0,0.0,
275.0,Dean Wade,29.0,CLE,PF,43.0,22.0,980.0,85.0,204.0,0.417,51.0,150.0,0.34,34.0,54.0,0.63,0.542,27.0,36.0,0.75,35.0,143.0,178.0,68.0,35.0,17.0,13.0,68.0,248.0,0.0,
276.0,Cody Williams,21.0,UTA,SG,42.0,16.0,821.0,106.0,220.0,0.482,16.0,69.0,0.232,90.0,151.0,0.596,0.518,20.0,32.0,0.625,36.0,61.0,97.0,39.0,27.0,18.0,26.0,76.0,248.0,0.0,
277.0,Isaiah Jackson,24.0,2TM,C,39.0,14.0,643.0,98.0,167.0,0.587,0.0,1.0,0.0,98.0,166.0,0.59,0.587,52.0,77.0,0.675,86.0,126.0,212.0,31.0,26.0,29.0,43.0,108.0,248.0,0.0,
277.0,Isaiah Jackson,24.0,IND,C,38.0,14.0,638.0,96.0,165.0,0.582,0.0,1.0,0.0,96.0,164.0,0.585,0.582,51.0,74.0,0.689,86.0,125.0,211.0,31.0,26.0,29.0,43.0,108.0,243.0,0.0,
277.0,Isaiah Jackson,24.0,LAC,C,1.0,0.0,5.0,2.0,2.0,1.0,0.0,0.0,,2.0,2.0,1.0,1.0,1.0,3.0,0.333,0.0,1.0,1.0,0.0,0.0,0.0,0.0,0.0,5.0,0.0,
278.0,Pat Spencer,29.0,GSW,PG,39.0,8.0,609.0,95.0,218.0,0.436,31.0,77.0,0.403,64.0,141.0,0.454,0.507,26.0,34.0,0.765,29.0,61.0,90.0,123.0,26.0,2.0,45.0,43.0,247.0,0.0,
279.0,Goga Bitadze,26.0,ORL,C,42.0,1.0,672.0,103.0,150.0,0.687,2.0,10.0,0.2,101.0,140.0,0.721,0.693,38.0,52.0,0.731,88.0,124.0,212.0,49.0,30.0,49.0,22.0,88.0,246.0,0.0,
280.0,Robert Williams,28.0,POR,C,38.0,1.0,620.0,109.0,145.0,0.752,7.0,16.0,0.438,102.0,129.0,0.791,0.776,20.0,28.0,0.714,77.0,169.0,246.0,43.0,23.0,55.0,29.0,46.0,245.0,0.0,
281.0,Jaden Hardy,23.0,2TM,SG,35.0,4.0,443.0,81.0,201.0,0.403,49.0,129.0,0.38,32.0,72.0,0.444,0.525,33.0,42.0,0.786,11.0,38.0,49.0,30.0,9.0,2.0,28.0,39.0,244.0,0.0,
281.0,Jaden Hardy,23.0,DAL,SG,34.0,4.0,428.0,78.0,194.0,0.402,46.0,124.0,0.371,32.0,70.0,0.457,0.521,31.0,40.0,0.775,11.0,36.0,47.0,29.0,9.0,2.0,27.0,39.0,233.0,0.0,
281.0,Jaden Hardy,23.0,WAS,SG,1.0,0.0,15.0,3.0,7.0,0.429,3.0,5.0,0.6,0.0,2.0,0.0,0.643,2.0,2.0,1.0,0.0,2.0,2.0,1.0,0.0,0.0,1.0,0.0,11.0,0.0,
282.0,Tre Mann,24.0,CHO,PG,34.0,1.0,544.0,91.0,249.0,0.365,43.0,130.0,0.331,48.0,119.0,0.403,0.452,18.0,21.0,0.857,20.0,58.0,78.0,73.0,17.0,4.0,45.0,57.0,243.0,0.0,
283.0,Jonathan Kuminga,23.0,GSW,PF,20.0,13.0,476.0,88.0,194.0,0.454,17.0,53.0,0.321,71.0,141.0,0.504,0.497,49.0,66.0,0.742,29.0,88.0,117.0,50.0,8.0,6.0,46.0,33.0,242.0,0.0,
284.0,Tyler Herro,26.0,MIA,SG,11.0,10.0,349.0,90.0,181.0,0.497,24.0,67.0,0.358,66.0,114.0,0.579,0.564,37.0,41.0,0.902,6.0,46.0,52.0,30.0,11.0,5.0,17.0,22.0,241.0,0.0,
285.0,Paul Reed,26.0,DET,C,38.0,7.0,486.0,101.0,171.0,0.591,10.0,26.0,0.385,91.0,145.0,0.628,0.62,28.0,47.0,0.596,70.0,91.0,161.0,48.0,35.0,25.0,37.0,61.0,240.0,0.0,
286.0,Cole Anthony,25.0,MIL,PG,35.0,0.0,527.0,98.0,231.0,0.424,22.0,72.0,0.306,76.0,159.0,0.478,0.472,16.0,26.0,0.615,16.0,71.0,87.0,121.0,20.0,11.0,65.0,73.0,234.0,0.0,
287.0,Alex Caruso,31.0,OKC,SG,37.0,0.0,679.0,85.0,196.0,0.434,39.0,120.0,0.325,46.0,76.0,0.605,0.533,25.0,32.0,0.781,19.0,79.0,98.0,75.0,50.0,13.0,29.0,44.0,234.0,0.0,
288.0,Tyler Kolek,24.0,NYK,PG,48.0,1.0,636.0,93.0,220.0,0.423,36.0,99.0,0.364,57.0,121.0,0.471,0.505,12.0,18.0,0.667,14.0,75.0,89.0,141.0,19.0,3.0,51.0,61.0,234.0,0.0,
289.0,Nolan Traoré,19.0,BRK,PG,31.0,8.0,650.0,84.0,209.0,0.402,30.0,89.0,0.337,54.0,120.0,0.45,0.474,33.0,43.0,0.767,7.0,42.0,49.0,109.0,14.0,11.0,50.0,62.0,231.0,0.0,
290.0,Craig Porter Jr.,25.0,CLE,PG,49.0,2.0,876.0,92.0,201.0,0.458,26.0,69.0,0.377,66.0,132.0,0.5,0.522,18.0,33.0,0.545,67.0,101.0,168.0,155.0,50.0,30.0,43.0,56.0,228.0,0.0,
291.0,Jarred Vanderbilt,26.0,LAL,PF,45.0,3.0,867.0,87.0,184.0,0.473,24.0,79.0,0.304,63.0,105.0,0.6,0.538,30.0,47.0,0.638,65.0,160.0,225.0,60.0,44.0,16.0,46.0,83.0,228.0,0.0,
292.0,Nicolas Batum,37.0,LAC,PF,51.0,4.0,992.0,73.0,184.0,0.397,69.0,175.0,0.394,4.0,9.0,0.444,0.584,9.0,11.0,0.818,19.0,115.0,134.0,42.0,37.0,19.0,34.0,79.0,224.0,0.0,
293.0,Derrick Jones Jr.,28.0,LAC,SF,22.0,17.0,546.0,80.0,148.0,0.541,28.0,70.0,0.4,52.0,78.0,0.667,0.635,31.0,40.0,0.775,17.0,39.0,56.0,27.0,19.0,24.0,17.0,44.0,219.0,0.0,
294.0,Quenton Jackson,27.0,IND,PG,26.0,10.0,414.0,71.0,148.0,0.48,24.0,59.0,0.407,47.0,89.0,0.528,0.561,50.0,65.0,0.769,15.0,37.0,52.0,52.0,18.0,5.0,30.0,40.0,216.0,0.0,
295.0,Jakob Poeltl,30.0,TOR,C,22.0,22.0,551.0,92.0,134.0,0.687,0.0,0.0,,92.0,134.0,0.687,0.687,29.0,49.0,0.592,59.0,109.0,168.0,45.0,16.0,11.0,34.0,68.0,213.0,0.0,
296.0,Jalen Pickett,26.0,DEN,SG,39.0,18.0,688.0,81.0,195.0,0.415,40.0,107.0,0.374,41.0,88.0,0.466,0.518,10.0,11.0,0.909,18.0,84.0,102.0,99.0,13.0,4.0,28.0,38.0,212.0,0.0,
297.0,Karlo Matković,24.0,NOP,PF,43.0,2.0,556.0,88.0,146.0,0.603,23.0,53.0,0.434,65.0,93.0,0.699,0.682,10.0,17.0,0.588,35.0,101.0,136.0,32.0,15.0,30.0,20.0,64.0,209.0,0.0,
298.0,Kris Murray,25.0,POR,SF,34.0,11.0,874.0,78.0,175.0,0.446,20.0,78.0,0.256,58.0,97.0,0.598,0.503,31.0,42.0,0.738,61.0,75.0,136.0,42.0,40.0,14.0,31.0,68.0,207.0,0.0,
299.0,Thomas Bryant,28.0,CLE,C,39.0,0.0,408.0,73.0,143.0,0.51,26.0,75.0,0.347,47.0,68.0,0.691,0.601,32.0,38.0,0.842,32.0,80.0,112.0,25.0,9.0,16.0,15.0,46.0,204.0,0.0,
300.0,Jaylen Clark,24.0,MIN,SG,53.0,0.0,711.0,73.0,171.0,0.427,21.0,72.0,0.292,52.0,99.0,0.525,0.488,37.0,59.0,0.627,47.0,53.0,100.0,31.0,39.0,8.0,18.0,74.0,204.0,0.0,
301.0,Kevin Love,37.0,UTA,PF,29.0,5.0,500.0,65.0,163.0,0.399,41.0,113.0,0.363,24.0,50.0,0.48,0.525,31.0,37.0,0.838,48.0,123.0,171.0,50.0,9.0,8.0,24.0,47.0,202.0,0.0,
302.0,Julian Strawther,23.0,DEN,SG,32.0,4.0,441.0,70.0,155.0,0.452,22.0,69.0,0.319,48.0,86.0,0.558,0.523,40.0,51.0,0.784,5.0,61.0,66.0,31.0,14.0,2.0,19.0,38.0,202.0,0.0,
303.0,Tidjane Salaün,20.0,CHO,PF,32.0,0.0,512.0,73.0,142.0,0.514,31.0,71.0,0.437,42.0,71.0,0.592,0.623,24.0,34.0,0.706,24.0,115.0,139.0,26.0,13.0,7.0,24.0,48.0,201.0,0.0,
304.0,Aaron Holiday,29.0,HOU,PG,35.0,1.0,465.0,65.0,161.0,0.404,42.0,108.0,0.389,23.0,53.0,0.434,0.534,28.0,33.0,0.848,6.0,24.0,30.0,34.0,16.0,4.0,21.0,47.0,200.0,0.0,
305.0,Micah Peavy,24.0,NOP,SG,46.0,1.0,693.0,84.0,220.0,0.382,21.0,88.0,0.239,63.0,132.0,0.477,0.43,11.0,15.0,0.733,38.0,54.0,92.0,47.0,31.0,6.0,14.0,71.0,200.0,0.0,
306.0,Asa Newell,20.0,ATL,PF,39.0,1.0,442.0,79.0,147.0,0.537,27.0,68.0,0.397,52.0,79.0,0.658,0.629,14.0,25.0,0.56,37.0,44.0,81.0,20.0,15.0,13.0,21.0,61.0,199.0,0.0,
307.0,Trendon Watford,25.0,PHI,PF,32.0,5.0,530.0,79.0,155.0,0.51,10.0,29.0,0.345,69.0,126.0,0.548,0.542,31.0,43.0,0.721,26.0,84.0,110.0,85.0,9.0,10.0,36.0,65.0,199.0,1.0,
308.0,Taylor Hendricks,22.0,2TM,PF,37.0,6.0,579.0,71.0,161.0,0.441,29.0,86.0,0.337,42.0,75.0,0.56,0.531,28.0,42.0,0.667,32.0,85.0,117.0,29.0,18.0,8.0,24.0,52.0,199.0,0.0,
308.0,Taylor Hendricks,22.0,UTA,PF,33.0,6.0,492.0,58.0,128.0,0.453,24.0,70.0,0.343,34.0,58.0,0.586,0.547,23.0,32.0,0.719,29.0,70.0,99.0,24.0,13.0,8.0,20.0,40.0,163.0,0.0,
308.0,Taylor Hendricks,22.0,MEM,PF,4.0,0.0,87.0,13.0,33.0,0.394,5.0,16.0,0.313,8.0,17.0,0.471,0.47,5.0,10.0,0.5,3.0,15.0,18.0,5.0,5.0,0.0,4.0,12.0,36.0,0.0,
309.0,Jase Richardson,20.0,ORL,SG,39.0,0.0,471.0,73.0,155.0,0.471,25.0,67.0,0.373,48.0,88.0,0.545,0.552,27.0,37.0,0.73,19.0,33.0,52.0,46.0,11.0,2.0,22.0,44.0,198.0,0.0,
310.0,Dalton Knecht,24.0,LAL,SF,43.0,1.0,490.0,76.0,170.0,0.447,30.0,98.0,0.306,46.0,72.0,0.639,0.535,14.0,20.0,0.7,13.0,52.0,65.0,15.0,9.0,9.0,19.0,40.0,196.0,0.0,
311.0,Mike Conley,38.0,MIN,PG,44.0,9.0,812.0,56.0,174.0,0.322,42.0,131.0,0.321,14.0,43.0,0.326,0.443,41.0,46.0,0.891,15.0,63.0,78.0,126.0,26.0,11.0,27.0,64.0,195.0,0.0,
312.0,Mitchell Robinson,27.0,NYK,C,39.0,14.0,766.0,83.0,119.0,0.697,0.0,0.0,,83.0,119.0,0.697,0.697,29.0,71.0,0.408,176.0,170.0,346.0,38.0,31.0,45.0,25.0,92.0,195.0,0.0,
313.0,Justin Edwards,22.0,PHI,SF,41.0,5.0,592.0,68.0,171.0,0.398,37.0,110.0,0.336,31.0,61.0,0.508,0.506,21.0,23.0,0.913,18.0,45.0,63.0,44.0,28.0,8.0,24.0,64.0,194.0,0.0,
314.0,Cam Whitmore,21.0,WAS,SF,21.0,0.0,354.0,77.0,169.0,0.456,16.0,56.0,0.286,61.0,113.0,0.54,0.503,23.0,31.0,0.742,19.0,39.0,58.0,15.0,15.0,8.0,18.0,25.0,193.0,0.0,
315.0,Trae Young,27.0,ATL,PG,10.0,10.0,280.0,56.0,135.0,0.415,18.0,59.0,0.305,38.0,76.0,0.5,0.481,63.0,73.0,0.863,0.0,15.0,15.0,89.0,10.0,1.0,26.0,20.0,193.0,0.0,
316.0,Jamaree Bouyea,26.0,PHO,PG,28.0,0.0,438.0,79.0,157.0,0.503,18.0,52.0,0.346,61.0,105.0,0.581,0.561,16.0,22.0,0.727,13.0,41.0,54.0,51.0,19.0,11.0,18.0,23.0,192.0,0.0,
317.0,Josh Minott,23.0,BOS,PF,33.0,10.0,526.0,69.0,136.0,0.507,34.0,77.0,0.442,35.0,59.0,0.593,0.632,20.0,26.0,0.769,40.0,78.0,118.0,33.0,24.0,12.0,20.0,51.0,192.0,0.0,
318.0,Tyrese Proctor,21.0,CLE,PG,39.0,1.0,404.0,66.0,169.0,0.391,36.0,103.0,0.35,30.0,66.0,0.455,0.497,23.0,27.0,0.852,6.0,35.0,41.0,53.0,15.0,0.0,26.0,44.0,191.0,0.0,
319.0,Christian Braun,24.0,DEN,SG,19.0,19.0,576.0,72.0,150.0,0.48,11.0,44.0,0.25,61.0,106.0,0.575,0.517,34.0,44.0,0.773,29.0,53.0,82.0,53.0,10.0,7.0,22.0,43.0,189.0,0.0,
320.0,Adem Bona,22.0,PHI,C,45.0,4.0,735.0,69.0,119.0,0.58,2.0,5.0,0.4,67.0,114.0,0.588,0.588,48.0,71.0,0.676,81.0,95.0,176.0,10.0,17.0,57.0,34.0,97.0,188.0,0.0,
321.0,Jalen Wilson,25.0,BRK,PF,35.0,0.0,513.0,59.0,162.0,0.364,35.0,99.0,0.354,24.0,63.0,0.381,0.472,35.0,46.0,0.761,7.0,48.0,55.0,22.0,14.0,2.0,19.0,44.0,188.0,0.0,
322.0,Steven Adams,32.0,HOU,C,32.0,11.0,730.0,70.0,139.0,0.504,0.0,0.0,,70.0,139.0,0.504,0.504,47.0,81.0,0.58,145.0,131.0,276.0,48.0,22.0,20.0,35.0,55.0,187.0,0.0,
323.0,Baylor Scheierman,25.0,BOS,SG,49.0,8.0,705.0,66.0,147.0,0.449,43.0,109.0,0.394,23.0,38.0,0.605,0.595,12.0,14.0,0.857,23.0,114.0,137.0,50.0,28.0,4.0,21.0,67.0,187.0,0.0,
324.0,Hugo González,19.0,BOS,SF,49.0,2.0,745.0,75.0,163.0,0.46,25.0,76.0,0.329,50.0,87.0,0.575,0.537,10.0,21.0,0.476,42.0,121.0,163.0,28.0,29.0,12.0,29.0,87.0,185.0,0.0,
325.0,Olivier-Maxence Prosper,23.0,MEM,PF,29.0,1.0,398.0,61.0,124.0,0.492,23.0,55.0,0.418,38.0,69.0,0.551,0.585,40.0,46.0,0.87,25.0,58.0,83.0,19.0,8.0,4.0,20.0,26.0,185.0,0.0,
326.0,Noah Penda,21.0,ORL,SF,38.0,2.0,519.0,67.0,154.0,0.435,25.0,65.0,0.385,42.0,89.0,0.472,0.516,25.0,39.0,0.641,56.0,85.0,141.0,44.0,21.0,14.0,32.0,51.0,184.0,0.0,
327.0,Ochai Agbaji,25.0,2TM,SG,43.0,13.0,666.0,72.0,173.0,0.416,12.0,65.0,0.185,60.0,108.0,0.556,0.451,25.0,29.0,0.862,36.0,65.0,101.0,32.0,17.0,12.0,19.0,75.0,181.0,0.0,
327.0,Ochai Agbaji,25.0,TOR,SG,42.0,13.0,650.0,72.0,170.0,0.424,12.0,65.0,0.185,60.0,105.0,0.571,0.459,25.0,29.0,0.862,33.0,62.0,95.0,30.0,17.0,11.0,19.0,75.0,181.0,0.0,
327.0,Ochai Agbaji,25.0,BRK,SG,1.0,0.0,16.0,0.0,3.0,0.0,0.0,0.0,,0.0,3.0,0.0,0.0,0.0,0.0,,3.0,3.0,6.0,2.0,0.0,1.0,0.0,0.0,0.0,0.0,
328.0,Johnny Furphy,21.0,IND,SG,35.0,21.0,643.0,70.0,149.0,0.47,23.0,71.0,0.324,47.0,78.0,0.603,0.547,17.0,35.0,0.486,32.0,121.0,153.0,41.0,20.0,7.0,29.0,65.0,180.0,0.0,
329.0,Clint Capela,31.0,HOU,C,47.0,1.0,556.0,76.0,144.0,0.528,0.0,0.0,,76.0,144.0,0.528,0.528,21.0,38.0,0.553,101.0,112.0,213.0,26.0,24.0,37.0,19.0,40.0,173.0,0.0,
330.0,Kyle Anderson,32.0,2TM,SF,23.0,3.0,472.0,69.0,124.0,0.556,3.0,5.0,0.6,66.0,119.0,0.555,0.569,28.0,43.0,0.651,22.0,57.0,79.0,64.0,28.0,14.0,23.0,57.0,169.0,0.0,
330.0,Kyle Anderson,32.0,UTA,SF,20.0,0.0,401.0,57.0,109.0,0.523,3.0,5.0,0.6,54.0,104.0,0.519,0.537,25.0,38.0,0.658,19.0,47.0,66.0,61.0,23.0,10.0,17.0,46.0,142.0,0.0,
330.0,Kyle Anderson,32.0,MEM,SF,3.0,3.0,71.0,12.0,15.0,0.8,0.0,0.0,,12.0,15.0,0.8,0.8,3.0,5.0,0.6,3.0,10.0,13.0,3.0,5.0,4.0,6.0,11.0,27.0,0.0,
331.0,Branden Carlson,26.0,OKC,C,34.0,2.0,373.0,68.0,130.0,0.523,21.0,59.0,0.356,47.0,71.0,0.662,0.604,9.0,17.0,0.529,21.0,67.0,88.0,19.0,6.0,18.0,12.0,30.0,166.0,0.0,
332.0,Micah Potter,27.0,IND,C,22.0,3.0,408.0,51.0,110.0,0.464,27.0,72.0,0.375,24.0,38.0,0.632,0.586,37.0,42.0,0.881,18.0,77.0,95.0,32.0,8.0,7.0,16.0,37.0,166.0,0.0,
333.0,Jabari Walker,23.0,PHI,PF,45.0,6.0,543.0,58.0,144.0,0.403,17.0,63.0,0.27,41.0,81.0,0.506,0.462,32.0,44.0,0.727,51.0,87.0,138.0,21.0,16.0,11.0,17.0,73.0,165.0,0.0,
334.0,Zeke Nnaji,25.0,DEN,PF,39.0,2.0,500.0,60.0,123.0,0.488,11.0,40.0,0.275,49.0,83.0,0.59,0.533,33.0,40.0,0.825,29.0,79.0,108.0,21.0,13.0,20.0,21.0,52.0,164.0,0.0,
335.0,Drew Eubanks,28.0,SAC,C,32.0,11.0,430.0,69.0,114.0,0.605,1.0,5.0,0.2,68.0,109.0,0.624,0.61,24.0,43.0,0.558,27.0,57.0,84.0,9.0,12.0,19.0,25.0,41.0,163.0,0.0,
336.0,Kasparas Jakučionis,19.0,MIA,PG,29.0,8.0,494.0,51.0,128.0,0.398,37.0,82.0,0.451,14.0,46.0,0.304,0.543,24.0,27.0,0.889,24.0,46.0,70.0,70.0,19.0,2.0,27.0,57.0,163.0,0.0,
337.0,Lonzo Ball,28.0,CLE,PG,35.0,3.0,728.0,53.0,176.0,0.301,40.0,147.0,0.272,13.0,29.0,0.448,0.415,14.0,21.0,0.667,26.0,114.0,140.0,136.0,45.0,9.0,52.0,46.0,160.0,0.0,
338.0,Trayce Jackson-Davis,25.0,2TM,C,38.0,1.0,436.0,62.0,107.0,0.579,1.0,1.0,1.0,61.0,106.0,0.575,0.584,35.0,62.0,0.565,56.0,69.0,125.0,34.0,15.0,20.0,19.0,40.0,160.0,0.0,
338.0,Trayce Jackson-Davis,25.0,GSW,C,36.0,1.0,411.0,60.0,102.0,0.588,1.0,1.0,1.0,59.0,101.0,0.584,0.593,29.0,52.0,0.558,47.0,65.0,112.0,32.0,13.0,19.0,18.0,40.0,150.0,0.0,
338.0,Trayce Jackson-Davis,25.0,TOR,C,2.0,0.0,25.0,2.0,5.0,0.4,0.0,0.0,,2.0,5.0,0.4,0.4,6.0,10.0,0.6,9.0,4.0,13.0,2.0,2.0,1.0,1.0,0.0,10.0,0.0,
339.0,Caleb Martin,30.0,DAL,SF,46.0,10.0,644.0,61.0,137.0,0.445,14.0,38.0,0.368,47.0,99.0,0.475,0.496,22.0,35.0,0.629,23.0,90.0,113.0,72.0,31.0,11.0,31.0,66.0,158.0,0.0,
340.0,Dylan Cardwell,24.0,SAC,C,29.0,1.0,616.0,67.0,112.0,0.598,0.0,1.0,0.0,67.0,111.0,0.604,0.598,22.0,40.0,0.55,91.0,132.0,223.0,36.0,22.0,47.0,24.0,108.0,156.0,0.0,
341.0,Jordan Hawkins,23.0,NOP,SG,36.0,0.0,498.0,56.0,172.0,0.326,30.0,96.0,0.313,26.0,76.0,0.342,0.413,14.0,18.0,0.778,14.0,48.0,62.0,27.0,8.0,7.0,22.0,22.0,156.0,0.0,
342.0,Jett Howard,22.0,ORL,SF,33.0,0.0,342.0,53.0,136.0,0.39,29.0,86.0,0.337,24.0,50.0,0.48,0.496,21.0,23.0,0.913,11.0,31.0,42.0,27.0,6.0,4.0,7.0,31.0,156.0,0.0,
343.0,Guerschon Yabusele,30.0,2TM,C,45.0,3.0,473.0,58.0,146.0,0.397,30.0,92.0,0.326,28.0,54.0,0.519,0.5,9.0,14.0,0.643,29.0,75.0,104.0,24.0,10.0,7.0,18.0,47.0,155.0,0.0,
343.0,Guerschon Yabusele,30.0,NYK,C,41.0,0.0,366.0,42.0,107.0,0.393,20.0,68.0,0.294,22.0,39.0,0.564,0.486,8.0,12.0,0.667,24.0,63.0,87.0,18.0,6.0,5.0,15.0,36.0,112.0,0.0,
343.0,Guerschon Yabusele,30.0,CHI,C,4.0,3.0,107.0,16.0,39.0,0.41,10.0,24.0,0.417,6.0,15.0,0.4,0.538,1.0,2.0,0.5,5.0,12.0,17.0,6.0,4.0,2.0,3.0,11.0,43.0,0.0,
344.0,Keaton Wallace,26.0,ATL,PG,40.0,2.0,446.0,57.0,136.0,0.419,34.0,84.0,0.405,23.0,52.0,0.442,0.544,6.0,11.0,0.545,3.0,43.0,46.0,80.0,21.0,5.0,22.0,38.0,154.0,0.0,
345.0,Rob Dillingham,21.0,2TM,PG,38.0,0.0,400.0,60.0,170.0,0.353,13.0,39.0,0.333,47.0,131.0,0.359,0.391,21.0,27.0,0.778,8.0,44.0,52.0,70.0,25.0,3.0,43.0,43.0,154.0,0.0,
345.0,Rob Dillingham,21.0,MIN,PG,35.0,0.0,326.0,47.0,141.0,0.333,12.0,33.0,0.364,35.0,108.0,0.324,0.376,15.0,20.0,0.75,5.0,36.0,41.0,58.0,19.0,3.0,36.0,36.0,121.0,0.0,
345.0,Rob Dillingham,21.0,CHI,PG,3.0,0.0,74.0,13.0,29.0,0.448,1.0,6.0,0.167,12.0,23.0,0.522,0.466,6.0,7.0,0.857,3.0,8.0,11.0,12.0,6.0,0.0,7.0,7.0,33.0,0.0,
346.0,Tyus Jones,29.0,2TM,PG,51.0,9.0,805.0,58.0,169.0,0.343,31.0,110.0,0.282,27.0,59.0,0.458,0.435,6.0,6.0,1.0,9.0,46.0,55.0,129.0,35.0,3.0,16.0,28.0,153.0,0.0,
346.0,Tyus Jones,29.0,ORL,PG,48.0,8.0,754.0,54.0,158.0,0.342,30.0,102.0,0.294,24.0,56.0,0.429,0.437,6.0,6.0,1.0,9.0,44.0,53.0,116.0,33.0,3.0,14.0,25.0,144.0,0.0,
346.0,Tyus Jones,29.0,DAL,PG,3.0,1.0,51.0,4.0,11.0,0.364,1.0,8.0,0.125,3.0,3.0,1.0,0.409,0.0,0.0,,0.0,2.0,2.0,13.0,2.0,0.0,2.0,3.0,9.0,0.0,
347.0,Tony Bradley,28.0,IND,C,38.0,3.0,416.0,59.0,106.0,0.557,1.0,2.0,0.5,58.0,104.0,0.558,0.561,32.0,43.0,0.744,56.0,51.0,107.0,20.0,6.0,7.0,17.0,60.0,151.0,0.0,
348.0,Zach Edey,23.0,MEM,C,11.0,11.0,284.0,62.0,98.0,0.633,1.0,5.0,0.2,61.0,93.0,0.656,0.638,25.0,32.0,0.781,43.0,79.0,122.0,12.0,7.0,21.0,26.0,37.0,150.0,0.0,
349.0,Carter Bryant,20.0,SAS,PF,43.0,0.0,398.0,53.0,143.0,0.371,25.0,78.0,0.321,28.0,65.0,0.431,0.458,15.0,22.0,0.682,19.0,66.0,85.0,14.0,9.0,9.0,13.0,39.0,146.0,0.0,
350.0,Nick Smith Jr.,21.0,LAL,SG,25.0,1.0,318.0,56.0,133.0,0.421,27.0,69.0,0.391,29.0,64.0,0.453,0.523,7.0,11.0,0.636,2.0,18.0,20.0,28.0,9.0,2.0,19.0,24.0,146.0,0.0,
351.0,Josh Green,25.0,CHO,SG,31.0,0.0,500.0,48.0,104.0,0.462,33.0,75.0,0.44,15.0,29.0,0.517,0.62,14.0,16.0,0.875,28.0,32.0,60.0,31.0,18.0,3.0,19.0,35.0,143.0,0.0,
352.0,Jericho Sims,27.0,MIL,C,39.0,7.0,613.0,64.0,78.0,0.821,0.0,0.0,,64.0,78.0,0.821,0.821,15.0,23.0,0.652,54.0,112.0,166.0,32.0,8.0,9.0,37.0,70.0,143.0,0.0,
353.0,Gabe Vincent,29.0,2TM,PG,30.0,7.0,578.0,46.0,136.0,0.338,38.0,107.0,0.355,8.0,29.0,0.276,0.478,10.0,11.0,0.909,8.0,20.0,28.0,41.0,17.0,1.0,12.0,54.0,140.0,0.0,
353.0,Gabe Vincent,29.0,LAL,PG,29.0,7.0,559.0,45.0,130.0,0.346,38.0,103.0,0.369,7.0,27.0,0.259,0.492,10.0,11.0,0.909,7.0,20.0,27.0,37.0,14.0,1.0,12.0,53.0,138.0,0.0,
353.0,Gabe Vincent,29.0,ATL,PG,1.0,0.0,19.0,1.0,6.0,0.167,0.0,4.0,0.0,1.0,2.0,0.5,0.167,0.0,0.0,,1.0,0.0,1.0,4.0,3.0,0.0,0.0,1.0,2.0,0.0,
354.0,Ousmane Dieng,22.0,2TM,C,30.0,1.0,359.0,52.0,116.0,0.448,26.0,65.0,0.4,26.0,51.0,0.51,0.56,8.0,10.0,0.8,9.0,48.0,57.0,34.0,4.0,11.0,8.0,28.0,138.0,0.0,
354.0,Ousmane Dieng,22.0,OKC,C,27.0,0.0,295.0,38.0,91.0,0.418,18.0,49.0,0.367,20.0,42.0,0.476,0.516,6.0,6.0,1.0,8.0,34.0,42.0,28.0,2.0,7.0,8.0,22.0,100.0,0.0,
354.0,Ousmane Dieng,22.0,MIL,C,3.0,1.0,64.0,14.0,25.0,0.56,8.0,16.0,0.5,6.0,9.0,0.667,0.72,2.0,4.0,0.5,1.0,14.0,15.0,6.0,2.0,4.0,0.0,6.0,38.0,0.0,
355.0,Rayan Rupert,21.0,POR,SG,48.0,0.0,577.0,53.0,147.0,0.361,22.0,71.0,0.31,31.0,76.0,0.408,0.435,9.0,14.0,0.643,23.0,63.0,86.0,34.0,29.0,2.0,28.0,60.0,137.0,0.0,
356.0,Jamir Watkins,24.0,WAS,SG,27.0,4.0,492.0,48.0,120.0,0.4,15.0,64.0,0.234,33.0,56.0,0.589,0.463,23.0,33.0,0.697,26.0,70.0,96.0,22.0,21.0,14.0,16.0,68.0,134.0,0.0,
357.0,Bogdan Bogdanović,33.0,LAC,SG,17.0,3.0,372.0,45.0,121.0,0.372,24.0,74.0,0.324,21.0,47.0,0.447,0.471,16.0,19.0,0.842,5.0,42.0,47.0,44.0,8.0,1.0,22.0,40.0,130.0,0.0,
358.0,Cam Christie,20.0,LAC,SG,38.0,0.0,379.0,43.0,108.0,0.398,12.0,42.0,0.286,31.0,66.0,0.47,0.454,32.0,42.0,0.762,12.0,48.0,60.0,22.0,10.0,3.0,16.0,17.0,130.0,0.0,
359.0,Malaki Branham,22.0,WAS,SG,28.0,0.0,275.0,43.0,91.0,0.473,14.0,37.0,0.378,29.0,54.0,0.537,0.549,28.0,34.0,0.824,12.0,32.0,44.0,23.0,10.0,3.0,15.0,21.0,128.0,0.0,
360.0,Yanic Konan Niederhäuser,22.0,LAC,C,34.0,0.0,306.0,48.0,71.0,0.676,0.0,3.0,0.0,48.0,68.0,0.706,0.676,29.0,43.0,0.674,29.0,50.0,79.0,10.0,2.0,19.0,19.0,46.0,125.0,0.0,
361.0,Jevon Carter,30.0,2TM,PG,24.0,0.0,258.0,41.0,106.0,0.387,32.0,80.0,0.4,9.0,26.0,0.346,0.538,10.0,10.0,1.0,5.0,22.0,27.0,19.0,13.0,2.0,11.0,19.0,124.0,0.0,
361.0,Jevon Carter,30.0,CHI,PG,23.0,0.0,254.0,41.0,103.0,0.398,32.0,78.0,0.41,9.0,25.0,0.36,0.553,10.0,10.0,1.0,5.0,21.0,26.0,19.0,13.0,2.0,11.0,19.0,124.0,0.0,
361.0,Jevon Carter,30.0,ORL,PG,1.0,0.0,4.0,0.0,3.0,0.0,0.0,2.0,0.0,0.0,1.0,0.0,0.0,0.0,0.0,,0.0,1.0,1.0,0.0,0.0,0.0,0.0,0.0,0.0,0.0,
362.0,Mohamed Diawara,20.0,NYK,SF,45.0,6.0,318.0,47.0,103.0,0.456,26.0,63.0,0.413,21.0,40.0,0.525,0.583,3.0,6.0,0.5,10.0,43.0,53.0,24.0,11.0,5.0,15.0,29.0,123.0,0.0,
363.0,Devin Carter,23.0,SAC,PG,20.0,1.0,268.0,43.0,111.0,0.387,9.0,48.0,0.188,34.0,63.0,0.54,0.428,27.0,33.0,0.818,12.0,32.0,44.0,38.0,12.0,5.0,20.0,24.0,122.0,0.0,
364.0,Jonathan Isaac,28.0,ORL,PF,44.0,0.0,439.0,41.0,94.0,0.436,7.0,36.0,0.194,34.0,58.0,0.586,0.473,32.0,50.0,0.64,33.0,77.0,110.0,17.0,17.0,25.0,16.0,34.0,121.0,0.0,
365.0,Nick Richards,28.0,2TM,C,31.0,2.0,320.0,45.0,91.0,0.495,2.0,3.0,0.667,43.0,88.0,0.489,0.505,29.0,41.0,0.707,42.0,66.0,108.0,9.0,7.0,19.0,31.0,49.0,121.0,0.0,
365.0,Nick Richards,28.0,PHO,C,28.0,2.0,254.0,35.0,71.0,0.493,0.0,0.0,,35.0,71.0,0.493,0.493,19.0,28.0,0.679,35.0,56.0,91.0,8.0,4.0,14.0,25.0,39.0,89.0,0.0,
365.0,Nick Richards,28.0,CHI,C,3.0,0.0,66.0,10.0,20.0,0.5,2.0,3.0,0.667,8.0,17.0,0.471,0.55,10.0,13.0,0.769,7.0,10.0,17.0,1.0,3.0,5.0,6.0,10.0,32.0,0.0,
366.0,Jamison Battle,24.0,TOR,SF,39.0,2.0,330.0,46.0,91.0,0.505,22.0,53.0,0.415,24.0,38.0,0.632,0.626,6.0,9.0,0.667,13.0,42.0,55.0,15.0,5.0,2.0,14.0,29.0,120.0,0.0,
367.0,Javon Small,23.0,MEM,PG,20.0,0.0,297.0,41.0,105.0,0.39,18.0,50.0,0.36,23.0,55.0,0.418,0.476,20.0,25.0,0.8,14.0,30.0,44.0,64.0,7.0,3.0,22.0,25.0,120.0,0.0,
368.0,Moritz Wagner,28.0,ORL,C,13.0,0.0,156.0,41.0,80.0,0.513,15.0,33.0,0.455,26.0,47.0,0.553,0.606,23.0,26.0,0.885,9.0,33.0,42.0,7.0,7.0,1.0,8.0,23.0,120.0,0.0,
369.0,Ty Jerome,28.0,MEM,SG,6.0,6.0,121.0,38.0,71.0,0.535,14.0,35.0,0.4,24.0,36.0,0.667,0.634,28.0,33.0,0.848,3.0,10.0,13.0,36.0,7.0,2.0,10.0,13.0,118.0,0.0,
370.0,Dalen Terry,23.0,2TM,SG,35.0,0.0,384.0,45.0,104.0,0.433,19.0,47.0,0.404,26.0,57.0,0.456,0.524,9.0,17.0,0.529,19.0,46.0,65.0,44.0,22.0,11.0,22.0,33.0,118.0,0.0,
370.0,Dalen Terry,23.0,CHI,SG,34.0,0.0,377.0,45.0,102.0,0.441,19.0,46.0,0.413,26.0,56.0,0.464,0.534,9.0,17.0,0.529,19.0,45.0,64.0,43.0,22.0,11.0,21.0,33.0,118.0,0.0,
370.0,Dalen Terry,23.0,PHI,SG,1.0,0.0,7.0,0.0,2.0,0.0,0.0,1.0,0.0,0.0,1.0,0.0,0.0,0.0,0.0,,0.0,1.0,1.0,1.0,0.0,0.0,1.0,0.0,0.0,0.0,
371.0,Liam McNeeley,20.0,CHO,SF,28.0,0.0,342.0,34.0,88.0,0.386,22.0,58.0,0.379,12.0,30.0,0.4,0.511,25.0,31.0,0.806,11.0,49.0,60.0,23.0,5.0,3.0,12.0,35.0,115.0,0.0,
372.0,Pete Nance,25.0,MIL,PF,23.0,0.0,247.0,46.0,75.0,0.613,23.0,43.0,0.535,23.0,32.0,0.719,0.767,0.0,0.0,,11.0,36.0,47.0,14.0,7.0,4.0,10.0,19.0,115.0,0.0,
373.0,Dwight Powell,34.0,DAL,C,40.0,7.0,541.0,37.0,59.0,0.627,0.0,2.0,0.0,37.0,57.0,0.649,0.627,40.0,62.0,0.645,53.0,89.0,142.0,38.0,21.0,12.0,20.0,73.0,114.0,0.0,
374.0,Jeremy Sochan,22.0,SAS,PF,28.0,0.0,358.0,47.0,99.0,0.475,9.0,35.0,0.257,38.0,64.0,0.594,0.52,11.0,16.0,0.688,26.0,47.0,73.0,28.0,10.0,5.0,18.0,50.0,114.0,0.0,
375.0,Ben Saraf,19.0,BRK,SG,22.0,5.0,384.0,38.0,113.0,0.336,12.0,48.0,0.25,26.0,65.0,0.4,0.389,24.0,33.0,0.727,7.0,29.0,36.0,60.0,17.0,4.0,40.0,28.0,112.0,0.0,
376.0,Kobe Brown,26.0,2TM,PF,36.0,1.0,342.0,38.0,93.0,0.409,14.0,51.0,0.275,24.0,42.0,0.571,0.484,22.0,28.0,0.786,22.0,44.0,66.0,31.0,10.0,2.0,17.0,23.0,112.0,0.0,
376.0,Kobe Brown,26.0,LAC,PF,34.0,0.0,295.0,33.0,84.0,0.393,13.0,49.0,0.265,20.0,35.0,0.571,0.47,21.0,26.0,0.808,18.0,35.0,53.0,27.0,9.0,2.0,15.0,16.0,100.0,0.0,
376.0,Kobe Brown,26.0,IND,PF,2.0,1.0,47.0,5.0,9.0,0.556,1.0,2.0,0.5,4.0,7.0,0.571,0.611,1.0,2.0,0.5,4.0,9.0,13.0,4.0,1.0,0.0,2.0,7.0,12.0,0.0,
377.0,Moussa Cisse,23.0,DAL,C,30.0,1.0,359.0,42.0,69.0,0.609,0.0,0.0,,42.0,69.0,0.609,0.609,27.0,56.0,0.482,55.0,79.0,134.0,7.0,10.0,34.0,22.0,56.0,111.0,0.0,
378.0,Ethan Thompson,26.0,IND,SG,22.0,5.0,352.0,39.0,102.0,0.382,21.0,66.0,0.318,18.0,36.0,0.5,0.485,11.0,16.0,0.688,11.0,29.0,40.0,32.0,13.0,6.0,12.0,43.0,110.0,0.0,
379.0,Myron Gardner,24.0,MIA,SF,26.0,4.0,254.0,39.0,84.0,0.464,18.0,45.0,0.4,21.0,39.0,0.538,0.571,13.0,18.0,0.722,26.0,52.0,78.0,27.0,14.0,5.0,6.0,44.0,109.0,0.0,
380.0,Kelly Olynyk,34.0,SAS,C,30.0,0.0,284.0,38.0,79.0,0.481,9.0,38.0,0.237,29.0,41.0,0.707,0.538,20.0,30.0,0.667,19.0,37.0,56.0,36.0,13.0,1.0,18.0,36.0,105.0,0.0,
381.0,Julian Phillips,22.0,2TM,SF,37.0,2.0,342.0,39.0,92.0,0.424,16.0,50.0,0.32,23.0,42.0,0.548,0.511,11.0,13.0,0.846,22.0,22.0,44.0,7.0,19.0,6.0,7.0,34.0,105.0,0.0,
381.0,Julian Phillips,22.0,CHI,SF,35.0,2.0,334.0,37.0,88.0,0.42,16.0,49.0,0.327,21.0,39.0,0.538,0.511,9.0,11.0,0.818,22.0,22.0,44.0,7.0,17.0,6.0,7.0,33.0,99.0,0.0,
381.0,Julian Phillips,22.0,MIN,SF,2.0,0.0,8.0,2.0,4.0,0.5,0.0,1.0,0.0,2.0,3.0,0.667,0.5,2.0,2.0,1.0,0.0,0.0,0.0,0.0,2.0,0.0,0.0,1.0,6.0,0.0,
382.0,John Konchar,29.0,2TM,SG,34.0,1.0,513.0,41.0,86.0,0.477,13.0,47.0,0.277,28.0,39.0,0.718,0.552,10.0,16.0,0.625,26.0,81.0,107.0,48.0,36.0,17.0,15.0,39.0,105.0,0.0,
382.0,John Konchar,29.0,MEM,SG,30.0,1.0,435.0,37.0,71.0,0.521,13.0,39.0,0.333,24.0,32.0,0.75,0.613,8.0,13.0,0.615,20.0,72.0,92.0,40.0,31.0,13.0,14.0,30.0,95.0,0.0,
382.0,John Konchar,29.0,UTA,SG,4.0,0.0,78.0,4.0,15.0,0.267,0.0,8.0,0.0,4.0,7.0,0.571,0.267,2.0,3.0,0.667,6.0,9.0,15.0,8.0,5.0,4.0,1.0,9.0,10.0,0.0,
383.0,Jeremiah Robinson-Earl,25.0,2TM,PF,22.0,3.0,361.0,37.0,100.0,0.37,10.0,41.0,0.244,27.0,59.0,0.458,0.42,17.0,18.0,0.944,36.0,67.0,103.0,15.0,9.0,1.0,12.0,26.0,101.0,0.0,
383.0,Jeremiah Robinson-Earl,25.0,IND,PF,17.0,3.0,300.0,29.0,83.0,0.349,8.0,33.0,0.242,21.0,50.0,0.42,0.398,13.0,14.0,0.929,32.0,56.0,88.0,12.0,7.0,1.0,10.0,23.0,79.0,0.0,
383.0,Jeremiah Robinson-Earl,25.0,DAL,PF,5.0,0.0,61.0,8.0,17.0,0.471,2.0,8.0,0.25,6.0,9.0,0.667,0.529,4.0,4.0,1.0,4.0,11.0,15.0,3.0,2.0,0.0,2.0,3.0,22.0,0.0,
384.0,Terrence Shannon Jr.,25.0,MIN,SG,22.0,0.0,282.0,32.0,81.0,0.395,15.0,37.0,0.405,17.0,44.0,0.386,0.488,21.0,27.0,0.778,6.0,22.0,28.0,14.0,7.0,1.0,15.0,29.0,100.0,0.0,
385.0,Zach Collins,28.0,CHI,C,10.0,0.0,184.0,37.0,64.0,0.578,9.0,21.0,0.429,28.0,43.0,0.651,0.648,14.0,20.0,0.7,16.0,40.0,56.0,15.0,2.0,4.0,10.0,18.0,97.0,0.0,
386.0,Gary Harris,31.0,MIL,SG,38.0,2.0,553.0,33.0,74.0,0.446,20.0,47.0,0.426,13.0,27.0,0.481,0.581,8.0,9.0,0.889,13.0,41.0,54.0,41.0,21.0,6.0,16.0,43.0,94.0,0.0,
387.0,Duop Reath,29.0,POR,C,32.0,0.0,258.0,33.0,74.0,0.446,23.0,55.0,0.418,10.0,19.0,0.526,0.601,5.0,6.0,0.833,10.0,28.0,38.0,10.0,5.0,8.0,7.0,28.0,94.0,0.0,
388.0,Marcus Sasser,25.0,DET,PG,17.0,0.0,167.0,32.0,69.0,0.464,18.0,44.0,0.409,14.0,25.0,0.56,0.594,10.0,11.0,0.909,1.0,14.0,15.0,33.0,11.0,2.0,12.0,14.0,92.0,0.0,
389.0,Grant Williams,27.0,CHO,PF,14.0,1.0,266.0,27.0,75.0,0.36,14.0,52.0,0.269,13.0,23.0,0.565,0.453,22.0,27.0,0.815,17.0,39.0,56.0,22.0,6.0,4.0,10.0,20.0,90.0,0.0,
390.0,Larry Nance Jr.,33.0,CLE,PF,25.0,2.0,322.0,35.0,92.0,0.38,16.0,48.0,0.333,19.0,44.0,0.432,0.467,3.0,5.0,0.6,21.0,43.0,64.0,25.0,15.0,4.0,11.0,46.0,89.0,0.0,
391.0,Amir Coffey,28.0,2TM,SG,32.0,2.0,298.0,31.0,66.0,0.47,9.0,31.0,0.29,22.0,35.0,0.629,0.538,16.0,19.0,0.842,8.0,25.0,33.0,14.0,4.0,3.0,5.0,19.0,87.0,0.0,
391.0,Amir Coffey,28.0,MIL,SG,30.0,2.0,265.0,26.0,55.0,0.473,7.0,25.0,0.28,19.0,30.0,0.633,0.536,13.0,15.0,0.867,6.0,20.0,26.0,11.0,3.0,3.0,4.0,14.0,72.0,0.0,
391.0,Amir Coffey,28.0,PHO,SG,2.0,0.0,33.0,5.0,11.0,0.455,2.0,6.0,0.333,3.0,5.0,0.6,0.545,3.0,4.0,0.75,2.0,5.0,7.0,3.0,1.0,0.0,1.0,5.0,15.0,0.0,
392.0,Jae'Sean Tate,30.0,HOU,SF,32.0,0.0,267.0,37.0,73.0,0.507,7.0,22.0,0.318,30.0,51.0,0.588,0.555,4.0,7.0,0.571,22.0,25.0,47.0,16.0,8.0,3.0,10.0,36.0,85.0,0.0,
393.0,KJ Simpson,23.0,CHO,PG,14.0,2.0,223.0,31.0,89.0,0.348,12.0,39.0,0.308,19.0,50.0,0.38,0.416,10.0,16.0,0.625,5.0,24.0,29.0,35.0,15.0,0.0,24.0,14.0,84.0,0.0,
394.0,Joan Beringer,19.0,MIN,PF,27.0,0.0,181.0,37.0,56.0,0.661,0.0,0.0,,37.0,56.0,0.661,0.661,8.0,13.0,0.615,28.0,26.0,54.0,7.0,3.0,11.0,8.0,27.0,82.0,0.0,
395.0,Ariel Hukporti,23.0,NYK,C,39.0,4.0,361.0,30.0,53.0,0.566,1.0,4.0,0.25,29.0,49.0,0.592,0.575,19.0,26.0,0.731,39.0,76.0,115.0,21.0,5.0,21.0,21.0,50.0,80.0,0.0,
396.0,PJ Hall,23.0,2TM,C,16.0,2.0,171.0,29.0,51.0,0.569,3.0,5.0,0.6,26.0,46.0,0.565,0.598,19.0,25.0,0.76,27.0,35.0,62.0,7.0,2.0,9.0,12.0,18.0,80.0,0.0,
396.0,PJ Hall,23.0,MEM,C,7.0,0.0,27.0,5.0,9.0,0.556,1.0,3.0,0.333,4.0,6.0,0.667,0.611,2.0,3.0,0.667,3.0,6.0,9.0,2.0,0.0,2.0,1.0,3.0,13.0,0.0,
396.0,PJ Hall,23.0,CHO,C,9.0,2.0,144.0,24.0,42.0,0.571,2.0,2.0,1.0,22.0,40.0,0.55,0.595,17.0,22.0,0.773,24.0,29.0,53.0,5.0,2.0,7.0,11.0,15.0,67.0,0.0,
397.0,Jalen Green,23.0,PHO,SG,7.0,2.0,107.0,27.0,66.0,0.409,13.0,37.0,0.351,14.0,29.0,0.483,0.508,11.0,13.0,0.846,2.0,13.0,15.0,16.0,3.0,0.0,10.0,4.0,78.0,0.0,
398.0,Garrison Mathews,29.0,IND,SG,15.0,1.0,196.0,21.0,52.0,0.404,17.0,46.0,0.37,4.0,6.0,0.667,0.567,19.0,23.0,0.826,2.0,15.0,17.0,10.0,6.0,3.0,3.0,19.0,78.0,0.0,
399.0,Rasheer Fleming,21.0,PHO,PF,30.0,0.0,209.0,29.0,82.0,0.354,11.0,46.0,0.239,18.0,36.0,0.5,0.421,8.0,11.0,0.727,21.0,19.0,40.0,7.0,6.0,7.0,9.0,22.0,77.0,0.0,
400.0,Yang Hansen,20.0,POR,C,34.0,1.0,255.0,25.0,84.0,0.298,5.0,37.0,0.135,20.0,47.0,0.426,0.327,19.0,20.0,0.95,16.0,38.0,54.0,21.0,3.0,8.0,29.0,40.0,74.0,0.0,
401.0,Blake Wesley,22.0,POR,SG,13.0,0.0,201.0,29.0,67.0,0.433,7.0,22.0,0.318,22.0,45.0,0.489,0.485,8.0,16.0,0.5,6.0,19.0,25.0,39.0,13.0,1.0,16.0,17.0,73.0,0.0,
402.0,Walker Kessler,24.0,UTA,C,5.0,5.0,154.0,26.0,37.0,0.703,6.0,8.0,0.75,20.0,29.0,0.69,0.784,14.0,20.0,0.7,23.0,31.0,54.0,15.0,7.0,9.0,16.0,22.0,72.0,0.0,
403.0,Sharife Cooper,24.0,WAS,PG,12.0,0.0,171.0,28.0,52.0,0.538,9.0,19.0,0.474,19.0,33.0,0.576,0.625,5.0,7.0,0.714,4.0,23.0,27.0,23.0,3.0,2.0,18.0,15.0,70.0,0.0,
404.0,AJ Johnson,21.0,2TM,SG,28.0,0.0,225.0,27.0,88.0,0.307,7.0,27.0,0.259,20.0,61.0,0.328,0.347,9.0,12.0,0.75,8.0,24.0,32.0,23.0,7.0,0.0,18.0,15.0,70.0,0.0,
404.0,AJ Johnson,21.0,WAS,SG,25.0,0.0,214.0,27.0,83.0,0.325,7.0,25.0,0.28,20.0,58.0,0.345,0.367,9.0,12.0,0.75,8.0,23.0,31.0,22.0,7.0,0.0,18.0,15.0,70.0,0.0,
404.0,AJ Johnson,21.0,DAL,SG,3.0,0.0,11.0,0.0,5.0,0.0,0.0,2.0,0.0,0.0,3.0,0.0,0.0,0.0,0.0,,0.0,1.0,1.0,1.0,0.0,0.0,0.0,0.0,0.0,0.0,
405.0,Anthony Gill,33.0,WAS,PF,28.0,0.0,225.0,26.0,48.0,0.542,4.0,13.0,0.308,22.0,35.0,0.629,0.583,10.0,12.0,0.833,17.0,30.0,47.0,9.0,11.0,6.0,10.0,23.0,66.0,0.0,
406.0,Keshad Johnson,24.0,MIA,SF,21.0,0.0,159.0,23.0,57.0,0.404,7.0,23.0,0.304,16.0,34.0,0.471,0.465,13.0,17.0,0.765,15.0,24.0,39.0,2.0,5.0,4.0,9.0,16.0,66.0,0.0,
407.0,Maxi Kleber,34.0,LAL,PF,29.0,1.0,333.0,23.0,53.0,0.434,6.0,21.0,0.286,17.0,32.0,0.531,0.491,14.0,20.0,0.7,23.0,33.0,56.0,20.0,11.0,6.0,12.0,45.0,66.0,0.0,
408.0,Chris Youngblood,23.0,OKC,SG,32.0,0.0,174.0,20.0,60.0,0.333,16.0,51.0,0.314,4.0,9.0,0.444,0.467,9.0,10.0,0.9,7.0,21.0,28.0,11.0,4.0,3.0,2.0,20.0,65.0,0.0,
409.0,RayJ Dennis,24.0,3TM,PG,15.0,0.0,177.0,22.0,73.0,0.301,12.0,39.0,0.308,10.0,34.0,0.294,0.384,8.0,9.0,0.889,8.0,15.0,23.0,30.0,4.0,4.0,15.0,17.0,64.0,0.0,
409.0,RayJ Dennis,24.0,IND,PG,13.0,0.0,168.0,22.0,72.0,0.306,12.0,38.0,0.316,10.0,34.0,0.294,0.389,8.0,9.0,0.889,8.0,13.0,21.0,26.0,3.0,4.0,14.0,16.0,64.0,0.0,
409.0,RayJ Dennis,24.0,LAC,PG,1.0,0.0,4.0,0.0,0.0,,0.0,0.0,,0.0,0.0,,,0.0,0.0,,0.0,2.0,2.0,0.0,0.0,0.0,1.0,0.0,0.0,0.0,
409.0,RayJ Dennis,24.0,ATL,PG,1.0,0.0,5.0,0.0,1.0,0.0,0.0,1.0,0.0,0.0,0.0,,0.0,0.0,0.0,,0.0,0.0,0.0,4.0,1.0,0.0,0.0,1.0,0.0,0.0,
410.0,Pat Connaughton,33.0,CHO,SG,22.0,0.0,155.0,22.0,45.0,0.489,11.0,27.0,0.407,11.0,18.0,0.611,0.611,8.0,13.0,0.615,6.0,24.0,30.0,14.0,5.0,1.0,3.0,5.0,63.0,0.0,
411.0,Bronny James,21.0,LAL,SG,29.0,1.0,211.0,24.0,60.0,0.4,11.0,27.0,0.407,13.0,33.0,0.394,0.492,4.0,5.0,0.8,4.0,11.0,15.0,35.0,11.0,2.0,14.0,16.0,63.0,0.0,
412.0,Isaiah Livers,27.0,PHO,PF,29.0,0.0,294.0,22.0,52.0,0.423,12.0,35.0,0.343,10.0,17.0,0.588,0.538,7.0,10.0,0.7,17.0,39.0,56.0,20.0,12.0,8.0,12.0,27.0,63.0,0.0,
413.0,Drew Timme,25.0,LAL,PF,18.0,0.0,150.0,26.0,46.0,0.565,7.0,17.0,0.412,19.0,29.0,0.655,0.641,4.0,7.0,0.571,8.0,15.0,23.0,15.0,5.0,0.0,6.0,10.0,63.0,0.0,
414.0,Chaz Lanier,24.0,DET,SG,20.0,0.0,171.0,21.0,57.0,0.368,15.0,45.0,0.333,6.0,12.0,0.5,0.5,5.0,5.0,1.0,7.0,12.0,19.0,13.0,5.0,0.0,2.0,7.0,62.0,0.0,
415.0,Dorian Finney-Smith,32.0,HOU,PF,20.0,0.0,316.0,20.0,67.0,0.299,13.0,53.0,0.245,7.0,14.0,0.5,0.396,5.0,5.0,1.0,17.0,30.0,47.0,15.0,7.0,4.0,11.0,33.0,58.0,0.0,
416.0,DaRon Holmes,23.0,DEN,PF,15.0,6.0,176.0,19.0,43.0,0.442,14.0,34.0,0.412,5.0,9.0,0.556,0.605,6.0,8.0,0.75,5.0,19.0,24.0,15.0,0.0,4.0,5.0,16.0,58.0,0.0,
417.0,Taelon Peter,23.0,IND,SG,24.0,0.0,196.0,19.0,58.0,0.328,16.0,53.0,0.302,3.0,5.0,0.6,0.466,4.0,6.0,0.667,6.0,22.0,28.0,23.0,9.0,2.0,10.0,12.0,58.0,0.0,
418.0,Scoot Henderson,21.0,POR,PG,4.0,0.0,80.0,15.0,29.0,0.517,7.0,19.0,0.368,8.0,10.0,0.8,0.638,19.0,23.0,0.826,1.0,11.0,12.0,22.0,3.0,0.0,18.0,14.0,56.0,0.0,
419.0,Christian Koloko,25.0,3TM,C,20.0,4.0,306.0,26.0,60.0,0.433,1.0,5.0,0.2,25.0,55.0,0.455,0.442,3.0,6.0,0.5,26.0,40.0,66.0,14.0,12.0,20.0,12.0,42.0,56.0,0.0,
419.0,Christian Koloko,25.0,LAL,C,2.0,0.0,6.0,0.0,0.0,,0.0,0.0,,0.0,0.0,,,0.0,0.0,,0.0,1.0,1.0,0.0,0.0,0.0,0.0,1.0,0.0,0.0,
419.0,Christian Koloko,25.0,MEM,C,11.0,2.0,195.0,14.0,35.0,0.4,0.0,1.0,0.0,14.0,34.0,0.412,0.4,1.0,4.0,0.25,19.0,25.0,44.0,10.0,10.0,13.0,7.0,20.0,29.0,0.0,
419.0,Christian Koloko,25.0,ATL,C,7.0,2.0,105.0,12.0,25.0,0.48,1.0,4.0,0.25,11.0,21.0,0.524,0.5,2.0,2.0,1.0,7.0,14.0,21.0,4.0,2.0,7.0,5.0,21.0,27.0,0.0,
420.0,Kam Jones,23.0,IND,SG,18.0,2.0,214.0,24.0,58.0,0.414,5.0,25.0,0.2,19.0,33.0,0.576,0.457,2.0,4.0,0.5,6.0,13.0,19.0,27.0,4.0,0.0,8.0,11.0,55.0,0.0,
421.0,Jordan McLaughlin,29.0,SAS,PG,25.0,0.0,155.0,20.0,47.0,0.426,10.0,24.0,0.417,10.0,23.0,0.435,0.532,4.0,5.0,0.8,4.0,14.0,18.0,19.0,13.0,0.0,9.0,9.0,54.0,0.0,
422.0,Lindy Waters III,28.0,SAS,SG,28.0,0.0,191.0,19.0,54.0,0.352,15.0,47.0,0.319,4.0,7.0,0.571,0.491,1.0,1.0,1.0,2.0,19.0,21.0,11.0,4.0,0.0,4.0,17.0,54.0,0.0,
423.0,JD Davison,23.0,HOU,PG,24.0,0.0,178.0,20.0,51.0,0.392,8.0,27.0,0.296,12.0,24.0,0.5,0.471,5.0,9.0,0.556,2.0,19.0,21.0,26.0,5.0,4.0,7.0,16.0,53.0,0.0,
424.0,Kevon Looney,29.0,NOP,C,18.0,6.0,251.0,23.0,52.0,0.442,1.0,9.0,0.111,22.0,43.0,0.512,0.452,5.0,8.0,0.625,42.0,54.0,96.0,25.0,6.0,9.0,8.0,32.0,52.0,0.0,
425.0,Jamal Cain,26.0,ORL,SF,19.0,0.0,132.0,15.0,38.0,0.395,6.0,19.0,0.316,9.0,19.0,0.474,0.474,15.0,18.0,0.833,7.0,7.0,14.0,6.0,4.0,1.0,7.0,22.0,51.0,0.0,
426.0,Bradley Beal,32.0,LAC,SG,6.0,6.0,121.0,18.0,48.0,0.375,7.0,19.0,0.368,11.0,29.0,0.379,0.448,6.0,8.0,0.75,2.0,3.0,5.0,10.0,3.0,0.0,9.0,14.0,49.0,0.0,
427.0,A.J. Lawson,25.0,TOR,SG,13.0,0.0,109.0,16.0,41.0,0.39,8.0,22.0,0.364,8.0,19.0,0.421,0.488,9.0,9.0,1.0,7.0,16.0,23.0,3.0,4.0,3.0,4.0,15.0,49.0,0.0,
428.0,Taurean Prince,31.0,MIL,SF,8.0,0.0,169.0,17.0,38.0,0.447,12.0,28.0,0.429,5.0,10.0,0.5,0.605,3.0,3.0,1.0,0.0,13.0,13.0,8.0,6.0,2.0,5.0,20.0,49.0,0.0,
429.0,Leonard Miller,22.0,2TM,SF,21.0,0.0,104.0,20.0,35.0,0.571,1.0,12.0,0.083,19.0,23.0,0.826,0.586,8.0,12.0,0.667,7.0,21.0,28.0,5.0,5.0,0.0,9.0,13.0,49.0,0.0,
429.0,Leonard Miller,22.0,MIN,SF,19.0,0.0,95.0,18.0,33.0,0.545,1.0,12.0,0.083,17.0,21.0,0.81,0.561,7.0,11.0,0.636,7.0,18.0,25.0,5.0,4.0,0.0,9.0,12.0,44.0,0.0,
429.0,Leonard Miller,22.0,CHI,SF,2.0,0.0,9.0,2.0,2.0,1.0,0.0,0.0,,2.0,2.0,1.0,1.0,1.0,1.0,1.0,0.0,3.0,3.0,0.0,1.0,0.0,0.0,1.0,5.0,0.0,
430.0,Jahmai Mashack,23.0,MEM,SG,12.0,2.0,142.0,20.0,46.0,0.435,7.0,23.0,0.304,13.0,23.0,0.565,0.511,0.0,0.0,,4.0,12.0,16.0,12.0,17.0,1.0,9.0,14.0,47.0,0.0,
431.0,Chris Paul,40.0,LAC,PG,16.0,0.0,228.0,18.0,56.0,0.321,10.0,30.0,0.333,8.0,26.0,0.308,0.411,1.0,2.0,0.5,6.0,22.0,28.0,53.0,11.0,0.0,16.0,23.0,47.0,0.0,
432.0,Hunter Tyson,25.0,DEN,PF,21.0,2.0,162.0,14.0,52.0,0.269,7.0,33.0,0.212,7.0,19.0,0.368,0.337,11.0,13.0,0.846,4.0,32.0,36.0,17.0,2.0,1.0,5.0,13.0,46.0,0.0,
433.0,Brooks Barnhizer,23.0,OKC,SG,29.0,0.0,221.0,18.0,46.0,0.391,5.0,16.0,0.313,13.0,30.0,0.433,0.446,4.0,6.0,0.667,10.0,42.0,52.0,16.0,5.0,3.0,7.0,20.0,45.0,0.0,
434.0,Doug McDermott,34.0,SAC,SF,11.0,0.0,111.0,15.0,38.0,0.395,14.0,37.0,0.378,1.0,1.0,1.0,0.579,0.0,0.0,,1.0,7.0,8.0,3.0,2.0,1.0,6.0,7.0,44.0,0.0,
435.0,Johnny Juzang,24.0,MIN,SG,21.0,0.0,88.0,16.0,38.0,0.421,6.0,24.0,0.25,10.0,14.0,0.714,0.5,5.0,8.0,0.625,5.0,12.0,17.0,6.0,2.0,1.0,5.0,3.0,43.0,0.0,
436.0,Daeqwon Plowden,27.0,SAC,SG,7.0,1.0,160.0,16.0,48.0,0.333,6.0,32.0,0.188,10.0,16.0,0.625,0.396,4.0,4.0,1.0,14.0,9.0,23.0,11.0,2.0,1.0,4.0,12.0,42.0,0.0,
437.0,Obi Toppin,27.0,IND,PF,3.0,0.0,82.0,15.0,36.0,0.417,3.0,17.0,0.176,12.0,19.0,0.632,0.458,9.0,9.0,1.0,3.0,17.0,20.0,5.0,3.0,0.0,6.0,7.0,42.0,0.0,
438.0,Jeff Green,39.0,HOU,PF,18.0,0.0,82.0,15.0,32.0,0.469,10.0,23.0,0.435,5.0,9.0,0.556,0.625,1.0,1.0,1.0,1.0,9.0,10.0,3.0,1.0,1.0,1.0,5.0,41.0,0.0,
439.0,Andre Jackson Jr.,24.0,MIL,SG,26.0,0.0,168.0,12.0,45.0,0.267,5.0,26.0,0.192,7.0,19.0,0.368,0.322,9.0,10.0,0.9,10.0,14.0,24.0,24.0,6.0,2.0,9.0,25.0,38.0,0.0,
440.0,Nigel Hayes-Davis,31.0,PHO,SF,27.0,0.0,195.0,15.0,46.0,0.326,2.0,16.0,0.125,13.0,30.0,0.433,0.348,2.0,4.0,0.5,12.0,21.0,33.0,7.0,8.0,2.0,8.0,16.0,34.0,0.0,
441.0,Miles Kelly,23.0,DAL,PG,12.0,0.0,102.0,13.0,33.0,0.394,8.0,26.0,0.308,5.0,7.0,0.714,0.515,0.0,0.0,,4.0,15.0,19.0,8.0,3.0,0.0,4.0,11.0,34.0,0.0,
442.0,Alijah Martin,24.0,TOR,SG,13.0,0.0,97.0,11.0,32.0,0.344,2.0,12.0,0.167,9.0,20.0,0.45,0.375,10.0,12.0,0.833,6.0,8.0,14.0,8.0,6.0,3.0,3.0,10.0,34.0,0.0,
443.0,Kevin McCullar Jr.,24.0,NYK,SF,16.0,0.0,123.0,13.0,33.0,0.394,6.0,17.0,0.353,7.0,16.0,0.438,0.485,2.0,5.0,0.4,9.0,15.0,24.0,19.0,6.0,0.0,11.0,18.0,34.0,0.0,
444.0,Eric Gordon,37.0,PHI,SG,6.0,0.0,74.0,12.0,21.0,0.571,8.0,14.0,0.571,4.0,7.0,0.571,0.762,1.0,2.0,0.5,1.0,1.0,2.0,3.0,4.0,1.0,3.0,3.0,33.0,0.0,
445.0,David Jones García,24.0,SAS,SF,11.0,0.0,68.0,13.0,25.0,0.52,3.0,5.0,0.6,10.0,20.0,0.5,0.58,3.0,6.0,0.5,4.0,9.0,13.0,18.0,6.0,1.0,5.0,6.0,32.0,0.0,
446.0,Scotty Pippen Jr.,25.0,MEM,PG,3.0,1.0,60.0,12.0,24.0,0.5,3.0,7.0,0.429,9.0,17.0,0.529,0.563,5.0,6.0,0.833,1.0,2.0,3.0,13.0,6.0,2.0,5.0,13.0,32.0,0.0,
447.0,Khaman Maluach,19.0,PHO,C,23.0,0.0,107.0,11.0,24.0,0.458,0.0,6.0,0.0,11.0,18.0,0.611,0.458,9.0,10.0,0.9,8.0,18.0,26.0,3.0,1.0,9.0,10.0,17.0,31.0,0.0,
448.0,Xavier Tillman Sr.,27.0,2TM,C,15.0,1.0,112.0,14.0,31.0,0.452,3.0,15.0,0.2,11.0,16.0,0.688,0.5,0.0,0.0,,10.0,15.0,25.0,5.0,6.0,2.0,5.0,9.0,31.0,0.0,
448.0,Xavier Tillman Sr.,27.0,BOS,C,14.0,1.0,111.0,14.0,31.0,0.452,3.0,15.0,0.2,11.0,16.0,0.688,0.5,0.0,0.0,,10.0,15.0,25.0,5.0,6.0,2.0,5.0,9.0,31.0,0.0,
448.0,Xavier Tillman Sr.,27.0,CHO,C,1.0,0.0,1.0,0.0,0.0,,0.0,0.0,,0.0,0.0,,,0.0,0.0,,0.0,0.0,0.0,0.0,0.0,0.0,0.0,0.0,0.0,0.0,
449.0,Dereck Lively II,21.0,DAL,C,7.0,4.0,115.0,11.0,18.0,0.611,0.0,0.0,,11.0,18.0,0.611,0.611,8.0,10.0,0.8,14.0,23.0,37.0,13.0,4.0,11.0,10.0,21.0,30.0,0.0,
450.0,Jonathan Mogbo,24.0,TOR,PF,23.0,0.0,139.0,14.0,28.0,0.5,0.0,0.0,,14.0,28.0,0.5,0.5,2.0,5.0,0.4,12.0,25.0,37.0,10.0,4.0,4.0,6.0,13.0,30.0,0.0,
451.0,Tolu Smith,25.0,DET,PF,6.0,0.0,70.0,8.0,18.0,0.444,0.0,0.0,,8.0,18.0,0.444,0.444,13.0,18.0,0.722,12.0,19.0,31.0,6.0,2.0,5.0,5.0,9.0,29.0,0.0,
452.0,Luke Travers,24.0,CLE,SG,12.0,0.0,103.0,9.0,36.0,0.25,1.0,16.0,0.063,8.0,20.0,0.4,0.264,9.0,9.0,1.0,9.0,15.0,24.0,9.0,7.0,4.0,3.0,6.0,28.0,0.0,
453.0,Ron Harper Jr.,25.0,BOS,SF,10.0,1.0,106.0,10.0,31.0,0.323,6.0,24.0,0.25,4.0,7.0,0.571,0.419,1.0,2.0,0.5,9.0,12.0,21.0,8.0,1.0,4.0,1.0,9.0,27.0,0.0,
454.0,Mason Plumlee,35.0,CHO,C,14.0,2.0,125.0,9.0,12.0,0.75,0.0,0.0,,9.0,12.0,0.75,0.75,8.0,12.0,0.667,10.0,30.0,40.0,16.0,6.0,0.0,9.0,10.0,26.0,0.0,
455.0,Adou Thiero,21.0,LAL,SF,17.0,0.0,98.0,9.0,20.0,0.45,0.0,1.0,0.0,9.0,19.0,0.474,0.45,7.0,9.0,0.778,7.0,11.0,18.0,5.0,5.0,2.0,4.0,15.0,25.0,0.0,
456.0,Lachlan Olbrich,22.0,CHI,C,17.0,0.0,121.0,9.0,21.0,0.429,2.0,7.0,0.286,7.0,14.0,0.5,0.476,4.0,10.0,0.4,12.0,26.0,38.0,12.0,2.0,1.0,4.0,22.0,24.0,0.0,
457.0,Javonte Cooke,26.0,POR,SG,16.0,0.0,83.0,9.0,35.0,0.257,3.0,19.0,0.158,6.0,16.0,0.375,0.3,2.0,2.0,1.0,3.0,12.0,15.0,7.0,6.0,0.0,9.0,6.0,23.0,0.0,
458.0,Caleb Houstan,23.0,ATL,SF,10.0,0.0,49.0,7.0,15.0,0.467,6.0,12.0,0.5,1.0,3.0,0.333,0.667,3.0,3.0,1.0,4.0,1.0,5.0,2.0,1.0,1.0,4.0,6.0,23.0,0.0,
459.0,Mac McClung,27.0,2TM,SG,4.0,0.0,47.0,9.0,25.0,0.36,2.0,12.0,0.167,7.0,13.0,0.538,0.4,3.0,4.0,0.75,0.0,5.0,5.0,2.0,5.0,2.0,3.0,8.0,23.0,0.0,
459.0,Mac McClung,27.0,IND,SG,3.0,0.0,34.0,7.0,18.0,0.389,2.0,10.0,0.2,5.0,8.0,0.625,0.444,3.0,4.0,0.75,0.0,4.0,4.0,1.0,5.0,1.0,2.0,6.0,19.0,0.0,
459.0,Mac McClung,27.0,CHI,SG,1.0,0.0,13.0,2.0,7.0,0.286,0.0,2.0,0.0,2.0,5.0,0.4,0.286,0.0,0.0,,0.0,1.0,1.0,1.0,0.0,1.0,1.0,2.0,4.0,0.0,
460.0,Thanasis Antetokounmpo,33.0,MIL,SF,19.0,0.0,57.0,8.0,15.0,0.533,0.0,1.0,0.0,8.0,14.0,0.571,0.533,6.0,11.0,0.545,7.0,6.0,13.0,2.0,6.0,3.0,3.0,9.0,22.0,0.0,
461.0,E.J. Liddell,25.0,BRK,PF,10.0,0.0,49.0,8.0,17.0,0.471,4.0,11.0,0.364,4.0,6.0,0.667,0.588,2.0,3.0,0.667,3.0,8.0,11.0,0.0,1.0,0.0,0.0,4.0,22.0,0.0,
462.0,Mark Sears,23.0,MIL,PG,7.0,0.0,26.0,6.0,13.0,0.462,4.0,8.0,0.5,2.0,5.0,0.4,0.615,6.0,8.0,0.75,1.0,1.0,2.0,2.0,0.0,0.0,4.0,4.0,22.0,0.0,
463.0,Amari Williams,24.0,BOS,PF,14.0,2.0,112.0,7.0,16.0,0.438,0.0,0.0,,7.0,16.0,0.438,0.438,8.0,12.0,0.667,7.0,22.0,29.0,6.0,2.0,9.0,6.0,15.0,22.0,0.0,
464.0,Chris Boucher,33.0,BOS,PF,9.0,0.0,94.0,8.0,25.0,0.32,2.0,15.0,0.133,6.0,10.0,0.6,0.36,3.0,4.0,0.75,2.0,16.0,18.0,3.0,5.0,7.0,1.0,17.0,21.0,0.0,
465.0,Antonio Reeves,25.0,CHO,SG,7.0,0.0,56.0,8.0,16.0,0.5,5.0,10.0,0.5,3.0,6.0,0.5,0.656,0.0,0.0,,1.0,4.0,5.0,2.0,1.0,0.0,0.0,3.0,21.0,0.0,
466.0,Yuki Kawamura,24.0,CHI,PG,4.0,0.0,76.0,5.0,17.0,0.294,4.0,13.0,0.308,1.0,4.0,0.25,0.412,6.0,6.0,1.0,3.0,13.0,16.0,22.0,5.0,0.0,4.0,4.0,20.0,0.0,
467.0,Matisse Thybulle,28.0,POR,SG,4.0,0.0,49.0,6.0,10.0,0.6,4.0,6.0,0.667,2.0,4.0,0.5,0.8,4.0,4.0,1.0,0.0,4.0,4.0,3.0,10.0,0.0,1.0,7.0,20.0,0.0,
468.0,Kobe Bufkin,22.0,LAL,SG,6.0,1.0,71.0,6.0,22.0,0.273,3.0,12.0,0.25,3.0,10.0,0.3,0.341,4.0,4.0,1.0,1.0,6.0,7.0,3.0,2.0,3.0,4.0,4.0,19.0,0.0,
469.0,MarJon Beauchamp,25.0,PHI,SF,2.0,0.0,36.0,6.0,14.0,0.429,3.0,7.0,0.429,3.0,7.0,0.429,0.536,3.0,4.0,0.75,1.0,6.0,7.0,5.0,3.0,1.0,3.0,0.0,18.0,0.0,
470.0,Monte Morris,30.0,IND,PG,6.0,0.0,65.0,7.0,20.0,0.35,2.0,8.0,0.25,5.0,12.0,0.417,0.4,2.0,4.0,0.5,1.0,6.0,7.0,9.0,1.0,1.0,2.0,3.0,18.0,0.0,
471.0,Elijah Harkless,25.0,UTA,SG,7.0,0.0,66.0,4.0,11.0,0.364,2.0,7.0,0.286,2.0,4.0,0.5,0.455,7.0,9.0,0.778,2.0,4.0,6.0,5.0,4.0,0.0,3.0,10.0,17.0,0.0,
472.0,Bobi Klintman,22.0,DET,SF,9.0,0.0,64.0,7.0,24.0,0.292,3.0,12.0,0.25,4.0,12.0,0.333,0.354,0.0,3.0,0.0,5.0,12.0,17.0,4.0,3.0,0.0,5.0,11.0,17.0,0.0,
473.0,TyTy Washington Jr.,24.0,LAC,PG,5.0,0.0,40.0,7.0,12.0,0.583,3.0,6.0,0.5,4.0,6.0,0.667,0.708,0.0,0.0,,1.0,1.0,2.0,9.0,4.0,2.0,1.0,2.0,17.0,0.0,
474.0,Jahmir Young,25.0,MIA,PG,8.0,0.0,44.0,7.0,19.0,0.368,2.0,7.0,0.286,5.0,12.0,0.417,0.421,1.0,1.0,1.0,2.0,2.0,4.0,6.0,1.0,0.0,2.0,4.0,17.0,0.0,
475.0,Emanuel Miller,25.0,CHI,PF,5.0,0.0,33.0,6.0,13.0,0.462,2.0,6.0,0.333,4.0,7.0,0.571,0.538,1.0,2.0,0.5,1.0,2.0,3.0,4.0,2.0,0.0,0.0,2.0,15.0,0.0,
476.0,Trey Alexander,22.0,NOP,SG,5.0,0.0,42.0,6.0,9.0,0.667,2.0,3.0,0.667,4.0,6.0,0.667,0.778,0.0,0.0,,0.0,4.0,4.0,5.0,1.0,1.0,1.0,4.0,14.0,0.0,
477.0,Seth Curry,35.0,GSW,SG,2.0,0.0,32.0,6.0,9.0,0.667,2.0,4.0,0.5,4.0,5.0,0.8,0.778,0.0,0.0,,1.0,3.0,4.0,3.0,2.0,0.0,0.0,3.0,14.0,0.0,
478.0,Pacome Dadiet,20.0,NYK,SG,20.0,0.0,68.0,3.0,13.0,0.231,1.0,8.0,0.125,2.0,5.0,0.4,0.269,6.0,6.0,1.0,2.0,12.0,14.0,9.0,3.0,0.0,0.0,3.0,13.0,0.0,
479.0,Skal Labissière,29.0,WAS,PF,3.0,0.0,38.0,6.0,10.0,0.6,1.0,5.0,0.2,5.0,5.0,1.0,0.65,0.0,0.0,,3.0,6.0,9.0,3.0,2.0,1.0,1.0,3.0,13.0,0.0,
480.0,James Wiseman,24.0,IND,C,4.0,1.0,58.0,6.0,10.0,0.6,0.0,0.0,,6.0,10.0,0.6,0.6,1.0,2.0,0.5,5.0,3.0,8.0,3.0,0.0,1.0,5.0,10.0,13.0,0.0,
481.0,Tyson Etienne,26.0,BRK,PG,8.0,0.0,34.0,4.0,15.0,0.267,4.0,13.0,0.308,0.0,2.0,0.0,0.4,0.0,0.0,,0.0,0.0,0.0,1.0,0.0,0.0,1.0,5.0,12.0,0.0,
482.0,Kyle Lowry,39.0,PHI,PG,7.0,0.0,63.0,3.0,10.0,0.3,3.0,10.0,0.3,0.0,0.0,,0.45,3.0,4.0,0.75,0.0,4.0,4.0,8.0,2.0,1.0,2.0,3.0,12.0,0.0,
483.0,Blake Hinson,26.0,UTA,SF,1.0,0.0,25.0,4.0,7.0,0.571,3.0,6.0,0.5,1.0,1.0,1.0,0.786,0.0,0.0,,0.0,1.0,1.0,1.0,0.0,0.0,1.0,5.0,11.0,0.0,
484.0,Patrick Baldwin Jr.,23.0,2TM,SF,3.0,0.0,14.0,3.0,4.0,0.75,2.0,3.0,0.667,1.0,1.0,1.0,1.0,2.0,2.0,1.0,0.0,2.0,2.0,0.0,0.0,0.0,1.0,2.0,10.0,0.0,
484.0,Patrick Baldwin Jr.,23.0,LAC,SF,2.0,0.0,12.0,3.0,4.0,0.75,2.0,3.0,0.667,1.0,1.0,1.0,1.0,2.0,2.0,1.0,0.0,1.0,1.0,0.0,0.0,0.0,1.0,2.0,10.0,0.0,
484.0,Patrick Baldwin Jr.,23.0,PHI,SF,1.0,0.0,2.0,0.0,0.0,,0.0,0.0,,0.0,0.0,,,0.0,0.0,,0.0,1.0,1.0,0.0,0.0,0.0,0.0,0.0,0.0,0.0,
485.0,Koby Brea,23.0,PHO,SG,3.0,0.0,16.0,3.0,5.0,0.6,2.0,4.0,0.5,1.0,1.0,1.0,0.8,2.0,2.0,1.0,0.0,2.0,2.0,2.0,0.0,0.0,0.0,0.0,10.0,0.0,
486.0,Johni Broome,23.0,PHI,C,11.0,0.0,55.0,4.0,24.0,0.167,0.0,5.0,0.0,4.0,19.0,0.211,0.167,2.0,6.0,0.333,7.0,9.0,16.0,4.0,3.0,2.0,3.0,7.0,10.0,0.0,
487.0,Joe Ingles,38.0,MIN,SF,19.0,0.0,76.0,3.0,8.0,0.375,2.0,6.0,0.333,1.0,2.0,0.5,0.5,2.0,2.0,1.0,0.0,7.0,7.0,15.0,7.0,0.0,7.0,6.0,10.0,0.0,
488.0,Wendell Moore Jr.,24.0,DET,SG,5.0,0.0,54.0,4.0,7.0,0.571,0.0,1.0,0.0,4.0,6.0,0.667,0.571,2.0,2.0,1.0,1.0,5.0,6.0,3.0,2.0,2.0,1.0,1.0,10.0,0.0,
489.0,Isaiah Stevens,25.0,SAC,PG,3.0,0.0,43.0,3.0,7.0,0.429,0.0,1.0,0.0,3.0,6.0,0.5,0.429,4.0,4.0,1.0,2.0,1.0,3.0,10.0,5.0,0.0,2.0,2.0,10.0,0.0,
490.0,Bismack Biyombo,33.0,SAS,C,14.0,1.0,78.0,4.0,7.0,0.571,0.0,0.0,,4.0,7.0,0.571,0.571,1.0,2.0,0.5,4.0,8.0,12.0,3.0,3.0,1.0,5.0,14.0,9.0,0.0,
491.0,Trey Jemison,26.0,NYK,C,10.0,0.0,57.0,4.0,7.0,0.571,0.0,0.0,,4.0,7.0,0.571,0.571,1.0,1.0,1.0,7.0,8.0,15.0,2.0,1.0,2.0,5.0,7.0,9.0,0.0,
492.0,Curtis Jones,24.0,DEN,SG,6.0,0.0,31.0,4.0,14.0,0.286,1.0,9.0,0.111,3.0,5.0,0.6,0.321,0.0,0.0,,1.0,4.0,5.0,3.0,0.0,0.0,1.0,3.0,9.0,0.0,
493.0,DeAndre Jordan,37.0,NOP,C,2.0,1.0,23.0,4.0,5.0,0.8,0.0,0.0,,4.0,5.0,0.8,0.8,1.0,2.0,0.5,4.0,6.0,10.0,0.0,0.0,0.0,1.0,1.0,9.0,0.0,
494.0,Chris Livingston,22.0,CLE,SF,3.0,0.0,17.0,4.0,7.0,0.571,0.0,3.0,0.0,4.0,4.0,1.0,0.571,1.0,1.0,1.0,0.0,3.0,3.0,1.0,1.0,0.0,0.0,4.0,9.0,0.0,
495.0,Riley Minix,25.0,SAS,SF,3.0,0.0,8.0,4.0,6.0,0.667,1.0,3.0,0.333,3.0,3.0,1.0,0.75,0.0,0.0,,1.0,1.0,2.0,1.0,1.0,0.0,0.0,1.0,9.0,0.0,
496.0,Charles Bassey,25.0,2TM,C,3.0,0.0,36.0,4.0,9.0,0.444,0.0,0.0,,4.0,9.0,0.444,0.444,1.0,3.0,0.333,7.0,8.0,15.0,2.0,1.0,2.0,1.0,5.0,9.0,0.0,
496.0,Charles Bassey,25.0,MEM,C,2.0,0.0,31.0,3.0,8.0,0.375,0.0,0.0,,3.0,8.0,0.375,0.375,1.0,3.0,0.333,7.0,8.0,15.0,2.0,1.0,1.0,1.0,5.0,7.0,0.0,
496.0,Charles Bassey,25.0,PHI,C,1.0,0.0,5.0,1.0,1.0,1.0,0.0,0.0,,1.0,1.0,1.0,1.0,0.0,0.0,,0.0,0.0,0.0,0.0,0.0,1.0,0.0,0.0,2.0,0.0,
497.0,Brandon Clarke,29.0,MEM,PF,2.0,2.0,20.0,3.0,9.0,0.333,0.0,0.0,,3.0,9.0,0.333,0.333,2.0,4.0,0.5,4.0,2.0,6.0,1.0,2.0,0.0,0.0,5.0,8.0,0.0,
498.0,Jacob Toppin,25.0,ATL,SF,5.0,0.0,17.0,4.0,6.0,0.667,0.0,0.0,,4.0,6.0,0.667,0.667,0.0,0.0,,0.0,1.0,1.0,1.0,0.0,1.0,0.0,1.0,8.0,0.0,
499.0,Isaiah Crawford,24.0,HOU,SF,5.0,0.0,28.0,3.0,6.0,0.5,1.0,4.0,0.25,2.0,2.0,1.0,0.583,0.0,0.0,,0.0,2.0,2.0,2.0,2.0,2.0,0.0,0.0,7.0,0.0,
500.0,Harrison Ingram,23.0,SAS,SF,4.0,0.0,13.0,3.0,4.0,0.75,1.0,1.0,1.0,2.0,3.0,0.667,0.875,0.0,0.0,,3.0,0.0,3.0,0.0,0.0,0.0,0.0,2.0,7.0,0.0,
501.0,Dillon Jones,24.0,NYK,SF,4.0,0.0,21.0,1.0,5.0,0.2,1.0,3.0,0.333,0.0,2.0,0.0,0.3,4.0,4.0,1.0,2.0,3.0,5.0,3.0,2.0,0.0,0.0,3.0,7.0,0.0,
502.0,Cody Martin,30.0,IND,SF,4.0,0.0,55.0,2.0,10.0,0.2,0.0,5.0,0.0,2.0,5.0,0.4,0.2,3.0,6.0,0.5,1.0,13.0,14.0,2.0,4.0,2.0,4.0,5.0,7.0,0.0,
503.0,Orlando Robinson,25.0,ORL,C,4.0,1.0,25.0,3.0,5.0,0.6,1.0,2.0,0.5,2.0,3.0,0.667,0.7,0.0,0.0,,2.0,2.0,4.0,3.0,1.0,0.0,0.0,3.0,7.0,0.0,
504.0,Hunter Sallis,22.0,PHI,SG,7.0,0.0,26.0,3.0,5.0,0.6,0.0,0.0,,3.0,5.0,0.6,0.6,1.0,2.0,0.5,0.0,1.0,1.0,4.0,0.0,1.0,5.0,2.0,7.0,0.0,
505.0,Dalano Banton,26.0,LAC,PG,2.0,0.0,10.0,3.0,4.0,0.75,0.0,0.0,,3.0,4.0,0.75,0.75,0.0,0.0,,1.0,0.0,1.0,2.0,1.0,0.0,1.0,0.0,6.0,0.0,
506.0,Buddy Boeheim,26.0,OKC,SF,2.0,0.0,12.0,2.0,6.0,0.333,2.0,6.0,0.333,0.0,0.0,,0.5,0.0,0.0,,0.0,0.0,0.0,0.0,0.0,0.0,0.0,0.0,6.0,0.0,
507.0,LJ Cryer,24.0,GSW,PG,3.0,0.0,8.0,2.0,5.0,0.4,2.0,4.0,0.5,0.0,1.0,0.0,0.6,0.0,0.0,,0.0,1.0,1.0,0.0,0.0,0.0,0.0,1.0,6.0,0.0,
508.0,Tristan Enaruna,24.0,CLE,SF,3.0,0.0,15.0,3.0,6.0,0.5,0.0,1.0,0.0,3.0,5.0,0.6,0.5,0.0,0.0,,5.0,1.0,6.0,2.0,0.0,0.0,0.0,0.0,6.0,0.0,
509.0,Keshon Gilbert,22.0,WAS,,3.0,0.0,48.0,1.0,4.0,0.25,0.0,2.0,0.0,1.0,2.0,0.5,0.25,4.0,4.0,1.0,2.0,3.0,5.0,3.0,2.0,4.0,6.0,3.0,6.0,0.0,
510.0,Malevy Leons,26.0,GSW,SF,5.0,0.0,21.0,2.0,6.0,0.333,0.0,2.0,0.0,2.0,4.0,0.5,0.333,2.0,2.0,1.0,2.0,7.0,9.0,1.0,1.0,1.0,2.0,1.0,6.0,0.0,
511.0,Oscar Tshiebwe,26.0,UTA,C,3.0,0.0,30.0,3.0,6.0,0.5,0.0,0.0,,3.0,6.0,0.5,0.5,0.0,1.0,0.0,5.0,4.0,9.0,5.0,1.0,0.0,1.0,3.0,6.0,0.0,
512.0,Drew Peterson,26.0,CHO,PF,6.0,0.0,64.0,2.0,16.0,0.125,0.0,12.0,0.0,2.0,4.0,0.5,0.125,1.0,2.0,0.5,3.0,6.0,9.0,2.0,3.0,1.0,0.0,3.0,5.0,0.0,
513.0,Kadary Richmond,24.0,WAS,SG,1.0,0.0,6.0,2.0,2.0,1.0,1.0,1.0,1.0,1.0,1.0,1.0,1.25,0.0,0.0,,1.0,1.0,2.0,1.0,1.0,1.0,0.0,0.0,5.0,0.0,
514.0,Dario Šarić,31.0,SAC,C,5.0,0.0,41.0,1.0,6.0,0.167,1.0,3.0,0.333,0.0,3.0,0.0,0.25,2.0,2.0,1.0,1.0,5.0,6.0,2.0,0.0,0.0,2.0,3.0,5.0,0.0,
515.0,Isaac Jones,25.0,2TM,PF,4.0,1.0,18.0,2.0,4.0,0.5,0.0,2.0,0.0,2.0,2.0,1.0,0.5,1.0,2.0,0.5,2.0,0.0,2.0,1.0,0.0,0.0,0.0,4.0,5.0,0.0,
515.0,Isaac Jones,25.0,SAC,PF,3.0,1.0,17.0,1.0,2.0,0.5,0.0,1.0,0.0,1.0,1.0,1.0,0.5,1.0,2.0,0.5,2.0,0.0,2.0,1.0,0.0,0.0,0.0,4.0,3.0,0.0,
515.0,Isaac Jones,25.0,DET,PF,1.0,0.0,1.0,1.0,2.0,0.5,0.0,1.0,0.0,1.0,1.0,1.0,0.5,0.0,0.0,,0.0,0.0,0.0,0.0,0.0,0.0,0.0,0.0,2.0,0.0,
516.0,Trentyn Flowers,20.0,CHI,SF,2.0,0.0,6.0,2.0,3.0,0.667,0.0,1.0,0.0,2.0,2.0,1.0,0.667,0.0,0.0,,1.0,0.0,1.0,1.0,0.0,0.0,1.0,1.0,4.0,0.0,
517.0,Vladislav Goldin,24.0,MIA,C,2.0,0.0,8.0,2.0,2.0,1.0,0.0,0.0,,2.0,2.0,1.0,1.0,0.0,0.0,,0.0,1.0,1.0,2.0,0.0,1.0,0.0,3.0,4.0,0.0,
518.0,Garrett Temple,39.0,TOR,SG,13.0,0.0,36.0,1.0,7.0,0.143,1.0,5.0,0.2,0.0,2.0,0.0,0.214,1.0,2.0,0.5,0.0,4.0,4.0,4.0,3.0,1.0,3.0,3.0,4.0,0.0,
519.0,N'Faly Dante,24.0,ATL,C,4.0,0.0,15.0,1.0,4.0,0.25,0.0,0.0,,1.0,4.0,0.25,0.25,1.0,1.0,1.0,3.0,4.0,7.0,0.0,2.0,0.0,1.0,1.0,3.0,0.0,
520.0,Lawson Lovering,22.0,MEM,C,1.0,0.0,18.0,1.0,2.0,0.5,0.0,0.0,,1.0,2.0,0.5,0.5,1.0,2.0,0.5,2.0,2.0,4.0,0.0,2.0,0.0,1.0,3.0,3.0,0.0,
521.0,Hunter Dickinson,25.0,NOP,C,1.0,0.0,5.0,1.0,2.0,0.5,0.0,0.0,,1.0,2.0,0.5,0.5,0.0,0.0,,0.0,0.0,0.0,0.0,0.0,1.0,2.0,2.0,2.0,0.0,
522.0,Colby Jones,23.0,DET,SG,1.0,0.0,7.0,1.0,3.0,0.333,0.0,2.0,0.0,1.0,1.0,1.0,0.333,0.0,0.0,,0.0,4.0,4.0,2.0,0.0,0.0,0.0,1.0,2.0,0.0,
523.0,Chris Mañon,24.0,LAL,SG,5.0,0.0,21.0,0.0,1.0,0.0,0.0,1.0,0.0,0.0,0.0,,0.0,2.0,2.0,1.0,1.0,3.0,4.0,1.0,3.0,2.0,1.0,3.0,2.0,0.0,
524.0,Nikola Topić,20.0,OKC,PG,1.0,0.0,12.0,1.0,3.0,0.333,0.0,2.0,0.0,1.0,1.0,1.0,0.333,0.0,0.0,,0.0,1.0,1.0,1.0,0.0,0.0,3.0,0.0,2.0,0.0,
525.0,Jahmyl Telfort,24.0,LAC,PF,8.0,0.0,32.0,0.0,4.0,0.0,0.0,4.0,0.0,0.0,0.0,,0.0,1.0,4.0,0.25,0.0,3.0,3.0,1.0,1.0,0.0,1.0,5.0,1.0,0.0,
526.0,Mo Bamba,27.0,TOR,C,2.0,0.0,6.0,0.0,2.0,0.0,0.0,0.0,,0.0,2.0,0.0,0.0,0.0,0.0,,1.0,1.0,2.0,0.0,0.0,1.0,0.0,2.0,0.0,0.0,
527.0,Noa Essengue,19.0,CHI,PF,2.0,0.0,6.0,0.0,3.0,0.0,0.0,2.0,0.0,0.0,1.0,0.0,0.0,0.0,0.0,,0.0,0.0,0.0,0.0,1.0,0.0,0.0,1.0,0.0,0.0,
528.0,Tosan Evbuomwan,24.0,NYK,SF,5.0,0.0,8.0,0.0,1.0,0.0,0.0,0.0,,0.0,1.0,0.0,0.0,0.0,0.0,,1.0,1.0,2.0,0.0,0.0,0.0,0.0,1.0,0.0,0.0,
529.0,Enrique Freeman,25.0,MIN,PF,2.0,0.0,8.0,0.0,0.0,,0.0,0.0,,0.0,0.0,,,0.0,0.0,,0.0,3.0,3.0,0.0,0.0,1.0,0.0,0.0,0.0,0.0,
530.0,Chucky Hepburn,22.0,TOR,PG,2.0,0.0,13.0,0.0,6.0,0.0,0.0,5.0,0.0,0.0,1.0,0.0,0.0,0.0,0.0,,0.0,1.0,1.0,2.0,1.0,0.0,1.0,2.0,0.0,0.0,
531.0,Max Shulga,23.0,BOS,SG,1.0,0.0,2.0,0.0,1.0,0.0,0.0,0.0,,0.0,1.0,0.0,0.0,0.0,0.0,,0.0,0.0,0.0,0.0,0.0,0.0,0.0,0.0,0.0,0.0,
532.0,Stanley Umude,26.0,SAS,SG,1.0,0.0,2.0,0.0,0.0,,0.0,0.0,,0.0,0.0,,,0.0,0.0,,0.0,0.0,0.0,0.0,0.0,0.0,0.0,1.0,0.0,0.0,
,League Average,,,,,,,,,0.469,,,0.359,,,0.547,0.543,,,0.784,,,,,,,,,,,
